customer_id,age,annual_income,spending_score,tenure_months,days_since_last_purchase,gender_Female,gender_Male,gender_Other,city_Chandigarh,city_Delhi,city_Jaipur,city_Ludhiana,city_Mumbai,city_Pune,subscription_type_Basic,subscription_type_Premium,subscription_type_Standard,churned
1,-1.4856541799287348,-1.0579696397289942,-1.2904435262030667,0.3544578623258415,-0.0788322660258554,1.0,0.0,0.0,1.0,0.0,0.0,0.0,0.0,0.0,0.0,1.0,0.0,0
2,0.988145564633451,0.874458532482918,0.32108887872389125,-0.373292029526993,0.4999511704506836,1.0,0.0,0.0,1.0,0.0,0.0,0.0,0.0,0.0,0.0,0.0,1.0,0
3,0.5758456072064201,-1.23612234477093,-1.0755725388794721,1.0822077541786759,-0.5987563699793566,1.0,0.0,0.0,0.0,0.0,1.0,0.0,0.0,0.0,0.0,1.0,0.0,1
4,-0.24875430764764184,-0.31986930945264896,-0.5742069017910854,0.06335790558470769,0.5195709479583629,0.0,1.0,0.0,0.0,0.0,1.0,0.0,0.0,0.0,0.0,0.0,1.0,0
5,-0.24875430764764184,-0.6195295120444367,-0.21608858958509472,1.7226276590091703,-0.5791365924716773,1.0,0.0,0.0,1.0,0.0,0.0,0.0,0.0,0.0,0.0,0.0,1.0,0
6,1.2630122029181383,0.13077922977504366,-1.2188198637618686,-0.19863205548231272,0.43128194917380613,1.0,0.0,0.0,0.0,0.0,0.0,0.0,1.0,0.0,1.0,0.0,0.0,1
7,-1.4856541799287348,-0.6739632399736489,-0.3235240832468919,0.6455578190669753,1.068924718173383,0.0,1.0,0.0,0.0,0.0,0.0,0.0,0.0,1.0,0.0,1.0,0.0,1
8,0.7132789263487638,-0.3043983961580081,-0.7532660578940806,-1.3339218867727345,-0.19655093107193114,1.0,0.0,0.0,0.0,0.0,0.0,0.0,1.0,0.0,0.0,0.0,1.0,0
9,-1.0733542225017039,-0.014843171960697,1.323820152900665,1.5188576892903767,-0.21617070857961043,1.0,0.0,0.0,0.0,0.0,0.0,0.0,0.0,1.0,1.0,0.0,0.0,1
10,-1.4856541799287348,-0.7678530741354809,1.359631984121264,-1.1592619127280541,-0.5987563699793566,0.0,1.0,0.0,1.0,0.0,0.0,0.0,0.0,0.0,0.0,0.0,1.0,0
11,0.0948289902082173,0.45152542614916463,-1.6843736696296563,-0.373292029526993,0.8629170543427505,0.0,1.0,0.0,0.0,1.0,0.0,0.0,0.0,0.0,0.0,0.0,1.0,0
12,1.6753121603451695,0.20484074152614268,0.4285243723856884,1.1986477368751294,0.37242261665076826,1.0,0.0,0.0,0.0,0.0,0.0,0.0,0.0,1.0,1.0,0.0,0.0,1
13,0.02611233063704547,-0.12213381678189231,0.5717716972680846,1.6644076676609434,0.0977457315432582,0.0,1.0,0.0,0.0,0.0,0.0,1.0,0.0,0.0,1.0,0.0,0.0,1
14,0.9194289050622793,-0.4639493416816551,-0.35933591446749097,-0.023972081437632447,-1.6582243553940381,0.0,1.0,0.0,1.0,0.0,0.0,0.0,0.0,0.0,1.0,0.0,0.0,0
15,0.7819955859199356,-0.014843171960697,-0.037029433482099396,-0.023972081437632447,-1.3541178040250093,0.0,1.0,0.0,0.0,0.0,0.0,0.0,1.0,0.0,0.0,1.0,0.0,0
16,0.988145564633451,-0.269341917691764,1.1089491655770707,-1.537691856491528,-1.7268935766709157,0.0,1.0,0.0,0.0,0.0,0.0,0.0,1.0,0.0,1.0,0.0,0.0,0
17,0.02611233063704547,-0.014843171960697,-0.35933591446749097,1.6935176633350568,1.2945521595116949,0.0,1.0,0.0,0.0,0.0,0.0,0.0,0.0,1.0,0.0,1.0,0.0,0
18,-1.348220860786391,0.07115371887808598,-1.469502682306062,-1.6541318391879816,1.2945521595116949,1.0,0.0,0.0,0.0,1.0,0.0,0.0,0.0,0.0,1.0,0.0,0.0,1
19,1.1942955433469666,1.6629157133933452,-0.39514774568809,-1.595911847839755,-1.5110760240864436,0.0,1.0,0.0,0.0,0.0,0.0,0.0,0.0,1.0,0.0,0.0,1.0,0
20,-0.18003764807647002,-1.3737701434258374,-0.7890778891146797,-0.053082077111745826,-1.5895551341171608,1.0,0.0,0.0,1.0,0.0,0.0,0.0,0.0,0.0,1.0,0.0,0.0,0
21,0.02611233063704547,-0.014843171960697,-0.0012176022615003296,-1.683241834862095,1.0493049406657038,1.0,0.0,0.0,0.0,0.0,0.0,0.0,1.0,0.0,0.0,1.0,0.0,0
22,-0.4549042863611573,-1.9265383760778434,-0.896513382776477,-1.130151917053941,0.12717539780477713,0.0,1.0,0.0,0.0,0.0,0.0,1.0,0.0,0.0,1.0,0.0,0.0,0
23,-1.1420708820728755,0.18372752782454793,-1.1830080325412695,0.470897845022295,-0.6478058137485547,0.0,1.0,0.0,0.0,0.0,0.0,0.0,1.0,0.0,1.0,0.0,0.0,0
24,1.5378788412028257,1.5414221035574025,1.789373958768453,0.7328878060893154,0.4509017266814854,1.0,0.0,0.0,0.0,1.0,0.0,0.0,0.0,0.0,1.0,0.0,0.0,1
25,0.988145564633451,0.4550995682007881,-1.2546316949824676,-0.6643919862681268,-0.9028629213483855,0.0,1.0,0.0,0.0,0.0,0.0,0.0,1.0,0.0,1.0,0.0,0.0,0
26,0.02611233063704547,0.1370831408726232,0.7866426845916791,1.0530977585045624,-1.0402013639021406,0.0,1.0,0.0,0.0,0.0,0.0,0.0,0.0,1.0,1.0,0.0,0.0,0
27,-0.3861876267899855,-0.5939294557331177,0.8582663470328772,0.41267785367406823,-0.4319882611640826,1.0,0.0,0.0,0.0,0.0,0.0,1.0,0.0,0.0,0.0,0.0,1.0,0
28,1.1255788837757947,-0.014843171960697,0.5001480348268865,-0.8972719516610338,1.4515103795731292,0.0,0.0,1.0,0.0,1.0,0.0,0.0,0.0,0.0,0.0,1.0,0.0,0
29,0.16354564977938912,-0.2855688781316116,1.5386911402242593,0.7619978017634288,1.0002554968965054,1.0,0.0,0.0,0.0,1.0,0.0,0.0,0.0,0.0,0.0,0.0,1.0,0
30,-0.18003764807647002,-0.8194375986791199,-1.6843736696296563,0.3544578623258415,-1.0696310301636596,0.0,1.0,0.0,0.0,0.0,1.0,0.0,0.0,0.0,0.0,0.0,1.0,0
31,-0.18003764807647002,-0.3233784570031788,-0.6458305642322835,1.1113177498527893,0.26451384035853215,1.0,0.0,0.0,1.0,0.0,0.0,0.0,0.0,0.0,1.0,0.0,0.0,0
32,-1.004637562930532,0.16483690385695177,-1.039760707658873,-1.1592619127280541,1.4122708245577706,1.0,0.0,0.0,0.0,1.0,0.0,0.0,0.0,0.0,0.0,1.0,0.0,0
33,-1.4856541799287348,-0.014843171960697,0.3569007099444903,-0.8972719516610338,1.6575180434037617,0.0,1.0,0.0,0.0,0.0,0.0,0.0,0.0,1.0,0.0,1.0,0.0,1
34,0.02611233063704547,-0.8397408809055409,0.5359598660474856,-0.6352819905940134,0.9806357193888262,1.0,0.0,0.0,0.0,0.0,0.0,1.0,0.0,0.0,1.0,0.0,0.0,0
35,1.4004455220604821,-1.393655683217875,1.4670674777830612,-0.5188420078975599,-1.2854485827481317,0.0,1.0,0.0,0.0,0.0,0.0,1.0,0.0,0.0,0.0,1.0,0.0,0
36,0.02611233063704547,0.35716452073153915,-0.35933591446749097,1.3733077109198097,-0.8930530325945459,0.0,1.0,0.0,0.0,1.0,0.0,0.0,0.0,0.0,1.0,0.0,0.0,0
37,1.2630122029181383,0.5117497752698793,-0.8607015515558779,0.8493277887857689,-0.971532142625263,1.0,0.0,0.0,1.0,0.0,0.0,0.0,0.0,0.0,0.0,1.0,0.0,0
38,1.1942955433469666,0.1981135329086167,1.5745029714448584,0.1797978882811612,-1.2069694727174145,0.0,1.0,0.0,0.0,0.0,0.0,1.0,0.0,0.0,0.0,1.0,0.0,1
39,-0.7984875842170165,0.9315614790254428,0.6792071909298819,0.1797978882811612,-1.1284903626866973,0.0,1.0,0.0,0.0,1.0,0.0,0.0,0.0,0.0,0.0,0.0,1.0,0
40,0.43841228806407645,0.054332919791489305,1.0015136719152735,1.3733077109198097,-0.6183761474870358,1.0,0.0,0.0,0.0,1.0,0.0,0.0,0.0,0.0,1.0,0.0,0.0,0
41,-1.2107875416440474,0.35845052303951347,-0.10865309592329753,-0.14041206413408597,0.23508417409701324,0.0,0.0,1.0,0.0,0.0,0.0,0.0,1.0,0.0,0.0,0.0,1.0,0
42,0.9194289050622793,0.2702840935338644,-0.10865309592329753,-0.9263819473351471,-0.3240794848718465,1.0,0.0,0.0,0.0,1.0,0.0,0.0,0.0,0.0,1.0,0.0,0.0,1
43,0.02611233063704547,-0.12505968034824314,-0.3235240832468919,-1.217481904076281,-0.24560037484112934,1.0,0.0,0.0,0.0,1.0,0.0,0.0,0.0,0.0,1.0,0.0,0.0,0
44,-0.5236209459323292,-0.5643041844224108,0.9657018406946744,-0.5479520035716733,-0.8734332550868666,0.0,0.0,1.0,0.0,0.0,0.0,0.0,0.0,1.0,1.0,0.0,0.0,0
45,-1.5543708394999067,2.1804380391613885,-0.9681370452176751,0.5582278320446351,-0.05921248851817611,0.0,1.0,0.0,0.0,1.0,0.0,0.0,0.0,0.0,0.0,0.0,1.0,0
46,1.6753121603451695,-0.48544030120157516,1.7535621275478537,-0.053082077111745826,1.8242861522190357,0.0,1.0,0.0,0.0,0.0,1.0,0.0,0.0,0.0,0.0,1.0,0.0,0
47,-0.18003764807647002,-0.6993488699822127,-1.0755725388794721,-0.2277420511564261,0.39204239415844755,0.0,1.0,0.0,1.0,0.0,0.0,0.0,0.0,0.0,1.0,0.0,0.0,1
48,1.4004455220604821,0.4004458588832568,-0.07284126470269846,-0.023972081437632447,-0.9322925876099045,0.0,1.0,0.0,1.0,0.0,0.0,0.0,0.0,0.0,1.0,0.0,0.0,0
49,0.02611233063704547,0.2183057134237656,-0.5742069017910854,1.6935176633350568,-0.05921248851817611,1.0,0.0,0.0,0.0,1.0,0.0,0.0,0.0,0.0,0.0,0.0,1.0,0
50,0.988145564633451,-1.4382002478267573,0.5717716972680846,1.7517376546832837,1.2258829382348173,0.0,1.0,0.0,1.0,0.0,0.0,0.0,0.0,0.0,1.0,0.0,0.0,0
51,0.9194289050622793,1.0890559318734427,0.715019022150481,-1.130151917053941,1.70656748717296,0.0,1.0,0.0,0.0,0.0,1.0,0.0,0.0,0.0,1.0,0.0,0.0,1
52,0.02611233063704547,-0.1277139002305337,1.5386911402242593,-1.304811891098621,-1.1775398064558955,0.0,1.0,0.0,0.0,1.0,0.0,0.0,0.0,0.0,1.0,0.0,0.0,0
53,-0.5236209459323292,-1.1443645524484098,1.1089491655770707,-0.839051960312807,0.5391907254660422,0.0,1.0,0.0,1.0,0.0,0.0,0.0,0.0,0.0,1.0,0.0,0.0,0
54,-0.11132098850529819,1.1551558949947822,-0.8248897203352787,1.2568677282233562,1.755616930942158,1.0,0.0,0.0,0.0,0.0,0.0,0.0,1.0,0.0,0.0,0.0,1.0,1
55,-0.042604328934126356,0.5920951998105284,-0.9681370452176751,-0.11130206845997258,1.1375939394502605,0.0,1.0,0.0,1.0,0.0,0.0,0.0,0.0,0.0,0.0,0.0,1.0,0
56,-1.6230874990710784,-1.2979626682820973,1.4312556465624622,1.2859777238974694,-0.9421024763637441,0.0,1.0,0.0,0.0,0.0,0.0,0.0,1.0,0.0,1.0,0.0,0.0,1
57,0.16354564977938912,1.7435050061902364,0.034594228959098736,0.5291178363705217,1.4417004908192894,0.0,1.0,0.0,1.0,0.0,0.0,0.0,0.0,0.0,1.0,0.0,0.0,1
58,-1.2107875416440474,0.6252140644321871,-0.0012176022615003296,0.20890788395527457,-0.24560037484112934,1.0,0.0,0.0,0.0,0.0,0.0,1.0,0.0,0.0,1.0,0.0,0.0,0
59,0.8507122454911075,-0.043722673034490185,1.2163846592388678,-0.7226119776163535,-0.0003531559951382406,1.0,0.0,0.0,0.0,0.0,0.0,0.0,1.0,0.0,1.0,0.0,0.0,0
60,0.644562266777592,-0.014843171960697,0.6075835284886838,-0.5188420078975599,0.24489406285085288,1.0,0.0,0.0,0.0,1.0,0.0,0.0,0.0,0.0,0.0,0.0,1.0,0
61,1.469162181631654,0.1257568769169883,-1.6127500071884582,-1.1883719084021676,1.0100653856503452,0.0,1.0,0.0,0.0,1.0,0.0,0.0,0.0,0.0,1.0,0.0,0.0,0
62,0.8507122454911075,-0.06160838202363032,1.0731373343564716,0.09246790125882107,-1.3246881377634903,0.0,1.0,0.0,0.0,1.0,0.0,0.0,0.0,0.0,0.0,0.0,1.0,0
63,-0.4549042863611573,-0.6937715640763529,0.4643362036062875,-0.7226119776163535,0.17622484157397536,1.0,0.0,0.0,0.0,0.0,0.0,0.0,1.0,0.0,0.0,1.0,0.0,1
64,1.6753121603451695,0.5482739073420274,0.4643362036062875,-0.6935019819422401,1.1768334944656191,1.0,0.0,0.0,0.0,0.0,0.0,1.0,0.0,0.0,0.0,0.0,1.0,0
65,-0.3174709672188137,0.44303503337375044,1.359631984121264,-1.5668018521656415,0.21546439658933395,1.0,0.0,0.0,1.0,0.0,0.0,0.0,0.0,0.0,0.0,0.0,1.0,0
66,-0.6610542650746728,-0.0188486664063348,0.07040606017969779,1.0822077541786759,-0.7655244787946305,1.0,0.0,0.0,0.0,0.0,0.0,0.0,0.0,1.0,1.0,0.0,0.0,0
67,1.469162181631654,-0.014843171960697,-0.07284126470269846,1.5479676849644899,-1.5503155791018022,1.0,0.0,0.0,1.0,0.0,0.0,0.0,0.0,0.0,1.0,0.0,0.0,0
68,-0.4549042863611573,0.0963915836106577,0.5001480348268865,0.03424790991059431,-0.05921248851817611,0.0,1.0,0.0,1.0,0.0,0.0,0.0,0.0,0.0,1.0,0.0,0.0,0
69,-1.5543708394999067,-0.10332040850362985,-1.003948876438274,0.15068789260704782,-0.05921248851817611,0.0,1.0,0.0,0.0,0.0,0.0,1.0,0.0,0.0,0.0,0.0,1.0,1
70,0.02611233063704547,-0.014843171960697,-1.1471962013206705,1.5188576892903767,0.21546439658933395,1.0,0.0,0.0,0.0,0.0,0.0,1.0,0.0,0.0,0.0,1.0,0.0,0
71,1.0568622242046228,-1.505215133540423,1.288008321680066,0.06335790558470769,1.755616930942158,0.0,1.0,0.0,0.0,0.0,0.0,0.0,1.0,0.0,1.0,0.0,0.0,0
72,-1.1420708820728755,0.5315780976806115,-0.0012176022615003296,0.470897845022295,0.4018522829122872,1.0,0.0,0.0,0.0,0.0,0.0,0.0,1.0,0.0,1.0,0.0,0.0,0
73,-0.11132098850529819,-2.6351956418499674,0.07040606017969779,-0.2277420511564261,0.06831606528173927,1.0,0.0,0.0,0.0,1.0,0.0,0.0,0.0,0.0,1.0,0.0,0.0,0
74,-1.348220860786391,0.17186575362058154,-0.7532660578940806,0.09246790125882107,-1.5503155791018022,1.0,0.0,0.0,0.0,1.0,0.0,0.0,0.0,0.0,0.0,0.0,1.0,1
75,0.644562266777592,-0.5115703126756618,-0.896513382776477,0.12157789693293444,0.24489406285085288,1.0,0.0,0.0,0.0,0.0,0.0,0.0,0.0,1.0,0.0,0.0,1.0,0
76,-0.11132098850529819,1.2746085663946567,0.4285243723856884,0.7619978017634288,-1.1481101401943767,1.0,0.0,0.0,1.0,0.0,0.0,0.0,0.0,0.0,1.0,0.0,0.0,0
77,-0.592337605503501,-0.526954011126954,1.1447609967976697,0.38356785799995485,0.8432972768350712,0.0,1.0,0.0,0.0,0.0,0.0,1.0,0.0,0.0,0.0,1.0,0.0,0
78,-1.004637562930532,0.6259012285164048,-0.14446492714389658,0.03424790991059431,-1.1775398064558955,1.0,0.0,0.0,1.0,0.0,0.0,0.0,0.0,0.0,1.0,0.0,0.0,0
79,0.23226230935056097,-0.43040773504860597,-0.0012176022615003296,-1.4212518737950746,1.4907499345884878,0.0,1.0,0.0,0.0,1.0,0.0,0.0,0.0,0.0,0.0,0.0,1.0,0
80,0.02611233063704547,0.08021128588954464,-0.8248897203352787,1.4315277022680364,-0.667425591256234,0.0,1.0,0.0,0.0,0.0,0.0,0.0,1.0,0.0,0.0,0.0,1.0,1
81,1.5378788412028257,0.7032469068527071,-0.0012176022615003296,1.3733077109198097,-0.19655093107193114,1.0,0.0,0.0,0.0,0.0,0.0,0.0,1.0,0.0,1.0,0.0,0.0,1
82,-0.24875430764764184,-0.49604384852538486,1.4312556465624622,-1.071931925705714,-1.2363991389789335,1.0,0.0,0.0,1.0,0.0,0.0,0.0,0.0,0.0,0.0,1.0,0.0,0
83,-1.2107875416440474,0.9629432683913619,-0.5742069017910854,-0.6935019819422401,-1.000961808886782,0.0,1.0,0.0,0.0,1.0,0.0,0.0,0.0,0.0,1.0,0.0,0.0,0
84,1.1942955433469666,-1.0271411368852101,-0.35933591446749097,1.6644076676609434,1.5496092671115256,0.0,1.0,0.0,0.0,1.0,0.0,0.0,0.0,0.0,1.0,0.0,0.0,0
85,0.43841228806407645,0.26104043115602504,-1.433690851085463,-0.5770619992457866,-0.7360948125331116,1.0,0.0,0.0,0.0,0.0,0.0,0.0,1.0,0.0,0.0,0.0,1.0,0
86,0.7132789263487638,0.8890345214932621,-0.10865309592329753,1.1113177498527893,0.08793584278941856,1.0,0.0,0.0,0.0,0.0,0.0,0.0,1.0,0.0,1.0,0.0,0.0,0
87,-1.416937520357563,-0.014843171960697,-0.0012176022615003296,1.0239877628304492,1.7654268196959977,0.0,1.0,0.0,0.0,1.0,0.0,0.0,0.0,0.0,0.0,0.0,1.0,0
88,-0.6610542650746728,1.882755447030244,-0.25190042080569375,1.2859777238974694,-0.05921248851817611,0.0,1.0,0.0,0.0,1.0,0.0,0.0,0.0,0.0,1.0,0.0,0.0,0
89,0.9194289050622793,-0.7969022830732423,0.6075835284886838,-1.6541318391879816,-1.5993650228710004,0.0,1.0,0.0,0.0,1.0,0.0,0.0,0.0,0.0,0.0,1.0,0.0,0
90,1.1942955433469666,-1.4125601948993805,-1.039760707658873,-0.023972081437632447,-0.47122781617944115,0.0,1.0,0.0,0.0,0.0,0.0,0.0,1.0,0.0,0.0,0.0,1.0,0
91,-0.24875430764764184,-1.0277783051993556,-0.0012176022615003296,0.26712787530350135,-0.3633190398872051,1.0,0.0,0.0,0.0,0.0,0.0,0.0,1.0,0.0,0.0,0.0,1.0,0
92,1.0568622242046228,0.6268594807761267,0.8940781782534762,1.1986477368751294,-0.7655244787946305,0.0,1.0,0.0,0.0,0.0,0.0,0.0,1.0,0.0,0.0,0.0,1.0,0
93,1.1942955433469666,0.4643532297326419,-1.469502682306062,-0.9263819473351471,-0.8832431438407062,0.0,1.0,0.0,1.0,0.0,0.0,0.0,0.0,0.0,1.0,0.0,0.0,0
94,-0.3861876267899855,-0.014843171960697,-0.10865309592329753,-0.6352819905940134,0.04869628777405998,1.0,0.0,0.0,0.0,1.0,0.0,0.0,0.0,0.0,0.0,0.0,1.0,0
95,0.02611233063704547,-1.1563896461679464,-0.5742069017910854,-1.071931925705714,-0.4025585949025637,0.0,1.0,0.0,0.0,0.0,1.0,0.0,0.0,0.0,0.0,1.0,0.0,1
96,-0.7984875842170165,2.7768961865083175,-1.6485618384090572,0.936657775808109,-0.696855257517753,0.0,1.0,0.0,1.0,0.0,0.0,0.0,0.0,0.0,1.0,0.0,0.0,0
97,-0.9359209033593602,-1.2581288162311526,0.177841553841495,1.7517376546832837,-0.2750300411026483,1.0,0.0,0.0,0.0,1.0,0.0,0.0,0.0,0.0,1.0,0.0,0.0,0
98,0.644562266777592,-0.014843171960697,1.7177502963272546,-1.217481904076281,-0.5202772599486394,1.0,0.0,0.0,0.0,1.0,0.0,0.0,0.0,0.0,0.0,1.0,0.0,0
99,0.5071289476352483,2.7768961865083175,-1.469502682306062,-0.8972719516610338,-0.9322925876099045,0.0,0.0,1.0,0.0,1.0,0.0,0.0,0.0,0.0,0.0,0.0,1.0,0
100,-1.2795042012152194,0.332892685378478,1.1805728280182688,-0.6352819905940134,-0.12788170979505362,1.0,0.0,0.0,0.0,1.0,0.0,0.0,0.0,0.0,0.0,1.0,0.0,0
101,1.1942955433469666,0.5495315787136277,0.21365338506209405,1.3733077109198097,1.6182784883884032,0.0,1.0,0.0,0.0,0.0,0.0,0.0,1.0,0.0,1.0,0.0,0.0,0
102,-1.0733542225017039,-0.5263457292577394,0.8582663470328772,-0.14041206413408597,0.05850617652789963,1.0,0.0,0.0,0.0,0.0,0.0,1.0,0.0,0.0,0.0,1.0,0.0,0
103,1.0568622242046228,-1.8435876164078633,-1.3620671886442648,-0.7226119776163535,0.39204239415844755,1.0,0.0,0.0,0.0,0.0,0.0,1.0,0.0,0.0,1.0,0.0,0.0,0
104,-1.7605208182134222,-0.6361958797523652,1.3954438153418631,-0.5770619992457866,1.7752367084498375,0.0,1.0,0.0,0.0,0.0,0.0,0.0,1.0,0.0,0.0,0.0,1.0,0
105,1.0568622242046228,-1.126329967166165,-1.6485618384090572,0.38356785799995485,0.4410918379276458,0.0,0.0,1.0,1.0,0.0,0.0,0.0,0.0,0.0,1.0,0.0,0.0,1
106,0.988145564633451,-1.4804094544646995,1.5028793090036603,-0.3441820338528796,-0.9519123651175837,1.0,0.0,0.0,0.0,1.0,0.0,0.0,0.0,0.0,0.0,0.0,1.0,0
107,0.988145564633451,1.688686866340023,0.6433953597092829,-1.217481904076281,-0.3240794848718465,0.0,1.0,0.0,0.0,0.0,1.0,0.0,0.0,0.0,0.0,1.0,0.0,0
108,0.5758456072064201,0.2393122694825392,-0.5025832393498872,1.1404277455269027,-0.05921248851817611,0.0,1.0,0.0,0.0,0.0,0.0,0.0,1.0,0.0,0.0,0.0,1.0,0
109,-0.11132098850529819,0.34612823224232453,-1.6843736696296563,-0.2277420511564261,-0.04940259976433646,1.0,0.0,0.0,0.0,0.0,1.0,0.0,0.0,0.0,0.0,0.0,1.0,0
110,0.7132789263487638,-0.34252350388958813,0.4643362036062875,-0.8099419646386936,-1.216779361471254,0.0,1.0,0.0,0.0,1.0,0.0,0.0,0.0,0.0,1.0,0.0,0.0,0
111,-0.7984875842170165,-0.20638391096519962,-1.3978790198648638,0.8202177931116555,-1.3737375815326884,0.0,1.0,0.0,0.0,0.0,0.0,0.0,0.0,1.0,0.0,0.0,1.0,0
112,0.988145564633451,0.9309415314765442,-0.0012176022615003296,0.8784377844598823,-0.5006574824409601,1.0,0.0,0.0,1.0,0.0,0.0,0.0,0.0,0.0,0.0,0.0,1.0,0
113,0.16354564977938912,-0.014843171960697,1.0373255031358726,-1.1592619127280541,1.5201796008500066,0.0,0.0,1.0,0.0,0.0,0.0,1.0,0.0,0.0,1.0,0.0,0.0,0
114,-0.18003764807647002,0.4971215684552373,-0.7532660578940806,-1.450361869469188,0.8138676105735523,0.0,0.0,1.0,0.0,0.0,1.0,0.0,0.0,0.0,0.0,0.0,1.0,0
115,0.02611233063704547,-0.22951528725205228,-0.8607015515558779,-1.537691856491528,1.265122493250176,0.0,1.0,0.0,0.0,0.0,0.0,0.0,1.0,0.0,0.0,1.0,0.0,0
116,0.23226230935056097,-0.3756512566481484,-0.932325213997076,0.9657677714822224,-1.1284903626866973,1.0,0.0,0.0,0.0,0.0,0.0,0.0,1.0,0.0,0.0,0.0,1.0,0
117,-1.6918041586422503,-1.4403222905120543,-0.896513382776477,0.470897845022295,-0.26522015234880864,1.0,0.0,0.0,0.0,0.0,0.0,0.0,0.0,1.0,0.0,0.0,1.0,0
118,-1.2795042012152194,-2.011108998698171,-1.2904435262030667,1.0530977585045624,0.33318306163540967,0.0,1.0,0.0,0.0,0.0,0.0,0.0,0.0,1.0,1.0,0.0,0.0,0
119,-0.9359209033593602,-0.29506696342826416,-0.8248897203352787,0.470897845022295,-0.19655093107193114,0.0,1.0,0.0,0.0,0.0,0.0,1.0,0.0,0.0,0.0,0.0,1.0,1
120,0.02611233063704547,0.022964462630922732,0.6433953597092829,-0.3150720381787662,-0.255410263594969,0.0,1.0,0.0,0.0,0.0,1.0,0.0,0.0,0.0,1.0,0.0,0.0,1
121,-0.24875430764764184,-1.3195486197651545,-0.6458305642322835,0.3544578623258415,-0.46141792742560156,1.0,0.0,0.0,0.0,0.0,0.0,0.0,0.0,1.0,1.0,0.0,0.0,0
122,0.5758456072064201,-0.0679995079645584,1.0731373343564716,0.7911077974375421,-1.5699353566094814,1.0,0.0,0.0,0.0,0.0,1.0,0.0,0.0,0.0,1.0,0.0,0.0,0
123,0.5758456072064201,-0.014843171960697,1.2163846592388678,-0.3150720381787662,1.314171937019374,0.0,0.0,1.0,0.0,0.0,0.0,0.0,1.0,0.0,1.0,0.0,0.0,0
124,-0.11132098850529819,-2.1893528071433495,1.0015136719152735,1.4606376979421498,1.5888488221268842,0.0,1.0,0.0,0.0,0.0,0.0,0.0,0.0,1.0,1.0,0.0,0.0,0
125,1.2630122029181383,-0.9485744507420273,0.21365338506209405,1.4315277022680364,-1.4620265803172452,0.0,0.0,1.0,0.0,1.0,0.0,0.0,0.0,0.0,1.0,0.0,0.0,0
126,0.23226230935056097,0.37370201045439205,-0.5742069017910854,1.0822077541786759,-0.2750300411026483,0.0,1.0,0.0,0.0,0.0,1.0,0.0,0.0,0.0,1.0,0.0,0.0,0
127,-1.4856541799287348,0.3534987197681157,1.6103148026654575,1.7517376546832837,0.10755562029709785,1.0,0.0,0.0,1.0,0.0,0.0,0.0,0.0,0.0,1.0,0.0,0.0,0
128,0.9194289050622793,-1.1871048252662328,-0.9681370452176751,-0.3441820338528796,1.0591148294195434,0.0,1.0,0.0,0.0,0.0,1.0,0.0,0.0,0.0,1.0,0.0,0.0,1
129,0.23226230935056097,0.12490694882575654,-0.07284126470269846,-1.304811891098621,1.785046597203677,1.0,0.0,0.0,0.0,0.0,0.0,0.0,0.0,1.0,0.0,0.0,1.0,0
130,0.5071289476352483,0.9887933035530427,-0.10865309592329753,-0.023972081437632447,-0.26522015234880864,1.0,0.0,0.0,0.0,1.0,0.0,0.0,0.0,0.0,1.0,0.0,0.0,0
131,0.23226230935056097,0.7434796140471186,0.9298900094740753,0.8784377844598823,0.931586275619628,1.0,0.0,0.0,0.0,0.0,0.0,0.0,1.0,0.0,1.0,0.0,0.0,0
132,0.16354564977938912,-0.014843171960697,0.2494652162826931,0.9948777671563358,1.6084685996345636,1.0,0.0,0.0,0.0,0.0,0.0,0.0,1.0,0.0,0.0,0.0,1.0,0
133,-1.4856541799287348,-0.5014639455097946,1.1447609967976697,-0.3441820338528796,1.2258829382348173,0.0,1.0,0.0,1.0,0.0,0.0,0.0,0.0,0.0,1.0,0.0,0.0,0
134,0.23226230935056097,-0.6628186273159438,1.5386911402242593,-0.6935019819422401,-0.7066651462715926,0.0,1.0,0.0,0.0,0.0,0.0,1.0,0.0,0.0,0.0,1.0,0.0,1
135,1.0568622242046228,0.43425299860624617,-0.3235240832468919,-0.14041206413408597,1.1768334944656191,0.0,1.0,0.0,0.0,1.0,0.0,0.0,0.0,0.0,1.0,0.0,0.0,1
136,-0.7297709246458447,0.1615599588829811,1.3954438153418631,1.0822077541786759,-0.2750300411026483,0.0,1.0,0.0,0.0,0.0,0.0,1.0,0.0,0.0,1.0,0.0,0.0,0
137,0.02611233063704547,-0.014843171960697,-1.1113843701000714,-1.4794718651433014,-1.6876540216555571,1.0,0.0,0.0,0.0,0.0,0.0,0.0,0.0,1.0,1.0,0.0,0.0,0
138,-1.6918041586422503,-0.014843171960697,1.5386911402242593,-0.5479520035716733,0.9610159418811469,1.0,0.0,0.0,0.0,0.0,0.0,0.0,1.0,0.0,0.0,0.0,1.0,0
139,-0.5236209459323292,0.7851671981506385,-0.0012176022615003296,-0.8972719516610338,1.235692826988657,1.0,0.0,0.0,0.0,0.0,0.0,0.0,1.0,0.0,1.0,0.0,0.0,0
140,-0.24875430764764184,0.06105735086623331,1.323820152900665,1.0822077541786759,-0.5202772599486394,1.0,0.0,0.0,0.0,0.0,0.0,0.0,1.0,0.0,0.0,1.0,0.0,0
141,1.7440288199163412,0.751095080846265,-0.3235240832468919,-0.0821920727858592,-0.13769159854889326,1.0,0.0,0.0,0.0,1.0,0.0,0.0,0.0,0.0,1.0,0.0,0.0,0
142,-1.004637562930532,0.8372216829329585,1.7177502963272546,-1.3921418781209611,-0.4516080386717619,1.0,0.0,0.0,0.0,0.0,0.0,0.0,1.0,0.0,0.0,0.0,1.0,0
143,-0.7984875842170165,-0.8379860293759982,-1.2546316949824676,-0.7808319689645803,-1.3344980265173298,0.0,1.0,0.0,0.0,0.0,0.0,0.0,1.0,0.0,1.0,0.0,0.0,0
144,-0.3174709672188137,-1.8415183470354204,-0.037029433482099396,-1.537691856491528,1.814476263465196,0.0,1.0,0.0,0.0,0.0,0.0,0.0,0.0,1.0,1.0,0.0,0.0,0
145,1.7440288199163412,1.5098347760256294,1.5028793090036603,-0.053082077111745826,-1.6680342441478777,1.0,0.0,0.0,1.0,0.0,0.0,0.0,0.0,0.0,1.0,0.0,0.0,1
146,1.2630122029181383,0.22310975141917164,-1.54112634474726,1.7517376546832837,0.23508417409701324,1.0,0.0,0.0,0.0,0.0,0.0,0.0,0.0,1.0,0.0,0.0,1.0,0
147,-1.6918041586422503,-1.7478684925699361,-0.7532660578940806,0.26712787530350135,-1.6974639104093967,0.0,1.0,0.0,0.0,0.0,0.0,0.0,0.0,1.0,1.0,0.0,0.0,1
148,-0.9359209033593602,-0.7472864808533447,-1.3978790198648638,1.3150877195715829,0.7157687230351558,1.0,0.0,0.0,0.0,0.0,1.0,0.0,0.0,0.0,0.0,1.0,0.0,0
149,1.1255788837757947,0.7382817204852535,-0.5742069017910854,0.8784377844598823,1.4711301570808084,1.0,0.0,0.0,0.0,0.0,1.0,0.0,0.0,0.0,0.0,0.0,1.0,1
150,-1.5543708394999067,-0.313180430925512,-0.3235240832468919,1.3733077109198097,0.5490006142198819,0.0,1.0,0.0,0.0,0.0,0.0,1.0,0.0,0.0,0.0,1.0,0.0,0
151,1.2630122029181383,-0.5455457714912283,0.5001480348268865,-0.6061719949199,0.4214720604199665,0.0,1.0,0.0,1.0,0.0,0.0,0.0,0.0,0.0,1.0,0.0,0.0,0
152,-0.7984875842170165,1.3672357296078808,-0.7890778891146797,1.6061876763127168,1.2160730494809777,1.0,0.0,0.0,0.0,1.0,0.0,0.0,0.0,0.0,0.0,0.0,1.0,0
153,0.02611233063704547,-1.0807260477403033,-1.1471962013206705,-0.8681619559869204,1.735997153434479,1.0,0.0,0.0,0.0,1.0,0.0,0.0,0.0,0.0,0.0,0.0,1.0,1
154,-0.7297709246458447,-0.83161323521743,-1.1113843701000714,-0.16952205980819934,1.3337917145270535,0.0,1.0,0.0,1.0,0.0,0.0,0.0,0.0,0.0,0.0,0.0,1.0,0
155,-0.24875430764764184,0.17784135916135177,-0.0012176022615003296,0.6746678147410886,-0.9224826988560648,1.0,0.0,0.0,0.0,0.0,0.0,1.0,0.0,0.0,0.0,1.0,0.0,0
156,0.5758456072064201,0.35689454357314787,1.6819384651066556,-0.6935019819422401,0.26451384035853215,0.0,1.0,0.0,0.0,0.0,1.0,0.0,0.0,0.0,0.0,0.0,1.0,1
157,-1.348220860786391,0.46277336339835246,-0.932325213997076,-0.7808319689645803,1.1768334944656191,1.0,0.0,0.0,1.0,0.0,0.0,0.0,0.0,0.0,0.0,1.0,0.0,0
158,0.16354564977938912,0.8776332638825182,-1.003948876438274,-1.2465918997503944,-0.696855257517753,0.0,1.0,0.0,0.0,0.0,1.0,0.0,0.0,0.0,0.0,0.0,1.0,1
159,0.02611233063704547,0.165034664903016,-1.505314513526661,-1.683241834862095,0.6667192792659575,1.0,0.0,0.0,1.0,0.0,0.0,0.0,0.0,0.0,1.0,0.0,0.0,0
160,0.988145564633451,0.4558150632213807,1.6819384651066556,0.03424790991059431,-1.6680342441478777,0.0,1.0,0.0,0.0,0.0,1.0,0.0,0.0,0.0,0.0,0.0,1.0,0
161,1.7440288199163412,-0.29271494020063343,0.7866426845916791,1.7226276590091703,-0.05921248851817611,0.0,1.0,0.0,0.0,0.0,0.0,1.0,0.0,0.0,1.0,0.0,0.0,0
162,0.5758456072064201,0.029165604645575213,1.0015136719152735,-0.9263819473351471,0.4509017266814854,1.0,0.0,0.0,0.0,0.0,1.0,0.0,0.0,0.0,0.0,1.0,0.0,0
163,-0.3174709672188137,0.07399792268665216,-0.6816423954528825,-0.16952205980819934,0.9119664981119487,0.0,1.0,0.0,0.0,0.0,0.0,1.0,0.0,0.0,0.0,1.0,0.0,0
164,-0.3174709672188137,0.18155271182639635,0.5717716972680846,1.5479676849644899,1.2062631607271381,0.0,1.0,0.0,0.0,1.0,0.0,0.0,0.0,0.0,1.0,0.0,0.0,0
165,-0.3174709672188137,0.7389472197357733,-1.505314513526661,0.9657677714822224,-0.971532142625263,0.0,1.0,0.0,0.0,0.0,0.0,1.0,0.0,0.0,1.0,0.0,0.0,0
166,1.1255788837757947,0.5215711665463328,0.6792071909298819,-1.683241834862095,-0.13769159854889326,1.0,0.0,0.0,0.0,0.0,0.0,0.0,1.0,0.0,1.0,0.0,0.0,1
167,0.02611233063704547,0.010686057009685947,0.3569007099444903,0.03424790991059431,-0.05921248851817611,0.0,1.0,0.0,1.0,0.0,0.0,0.0,0.0,0.0,1.0,0.0,0.0,1
168,-1.2107875416440474,-0.8425850847141066,-0.0012176022615003296,-1.1883719084021676,-1.1579200289482163,0.0,0.0,1.0,0.0,1.0,0.0,0.0,0.0,0.0,1.0,0.0,0.0,0
169,-0.592337605503501,0.03413796173355845,0.8224545158122781,-0.839051960312807,1.1964532719732983,0.0,1.0,0.0,1.0,0.0,0.0,0.0,0.0,0.0,0.0,0.0,1.0,0
170,-1.6918041586422503,-0.06154283201397976,0.5717716972680846,-0.839051960312807,-0.7164750350254323,0.0,1.0,0.0,0.0,0.0,0.0,0.0,0.0,1.0,0.0,0.0,1.0,0
171,-1.416937520357563,0.15963789927797334,-0.14446492714389658,0.41267785367406823,0.3135632841277304,0.0,1.0,0.0,0.0,0.0,0.0,0.0,0.0,1.0,0.0,1.0,0.0,1
172,-1.4856541799287348,2.172811462191115,-1.039760707658873,-1.0137119343574872,0.07812595403557891,1.0,0.0,0.0,0.0,0.0,1.0,0.0,0.0,0.0,1.0,0.0,0.0,0
173,0.988145564633451,-0.5572558918593085,-1.6127500071884582,-0.839051960312807,0.7059588342813161,0.0,0.0,1.0,0.0,0.0,0.0,0.0,1.0,0.0,0.0,0.0,1.0,0
174,0.02611233063704547,0.3887257393611625,1.6103148026654575,-0.9263819473351471,1.2455027157424967,1.0,0.0,0.0,0.0,0.0,0.0,0.0,1.0,0.0,1.0,0.0,0.0,0
175,0.7132789263487638,1.0348444073667749,-0.7174542266734816,-0.4606220165493331,-0.5006574824409601,1.0,0.0,0.0,0.0,0.0,1.0,0.0,0.0,0.0,0.0,1.0,0.0,1
176,-0.11132098850529819,0.06446595136806157,-0.6458305642322835,0.5873378277187485,-1.138300251440537,0.0,1.0,0.0,0.0,0.0,0.0,0.0,0.0,1.0,1.0,0.0,0.0,1
177,0.7819955859199356,2.3041197972008356,0.715019022150481,-0.3150720381787662,-0.2357904860872897,1.0,0.0,0.0,0.0,0.0,0.0,0.0,0.0,1.0,1.0,0.0,0.0,0
178,-1.2107875416440474,-0.4115348873548133,-0.7890778891146797,-0.5770619992457866,0.4410918379276458,1.0,0.0,0.0,0.0,1.0,0.0,0.0,0.0,0.0,1.0,0.0,0.0,1
179,1.4004455220604821,0.2905346024474313,-0.35933591446749097,0.09246790125882107,0.931586275619628,0.0,1.0,0.0,0.0,1.0,0.0,0.0,0.0,0.0,0.0,1.0,0.0,0
180,0.02611233063704547,-0.8322654022625972,0.8224545158122781,0.4417878493481816,0.9413961643734676,0.0,1.0,0.0,0.0,1.0,0.0,0.0,0.0,0.0,1.0,0.0,0.0,0
181,1.5378788412028257,-0.38502268599395045,0.39271254116508936,-1.6541318391879816,-0.5300871487024791,0.0,1.0,0.0,0.0,1.0,0.0,0.0,0.0,0.0,0.0,0.0,1.0,1
182,0.02611233063704547,0.21538540494297828,0.6075835284886838,1.3733077109198097,1.5986587108807238,0.0,1.0,0.0,0.0,1.0,0.0,0.0,0.0,0.0,0.0,0.0,1.0,0
183,-0.042604328934126356,0.812704868306543,-1.6843736696296563,1.4897476936162632,-1.4522166915634056,0.0,1.0,0.0,1.0,0.0,0.0,0.0,0.0,0.0,0.0,0.0,1.0,0
184,0.7132789263487638,0.28554058052575043,-0.10865309592329753,0.38356785799995485,-1.3344980265173298,0.0,1.0,0.0,0.0,0.0,0.0,1.0,0.0,0.0,1.0,0.0,0.0,1
185,-0.042604328934126356,1.2254810561958005,-0.0012176022615003296,0.2962378709776147,-1.6582243553940381,1.0,0.0,0.0,0.0,0.0,0.0,0.0,0.0,1.0,1.0,0.0,0.0,1
186,-0.18003764807647002,-0.12848494610676198,0.5359598660474856,0.703777810415202,1.569229044619205,0.0,1.0,0.0,0.0,1.0,0.0,0.0,0.0,0.0,1.0,0.0,0.0,0
187,-1.2107875416440474,-0.014843171960697,-1.1830080325412695,-0.16952205980819934,-1.1088705851790182,0.0,1.0,0.0,1.0,0.0,0.0,0.0,0.0,0.0,1.0,0.0,0.0,0
188,-0.4549042863611573,2.670228822287357,-1.1471962013206705,-0.4315120208752197,0.4018522829122872,1.0,0.0,0.0,0.0,0.0,0.0,0.0,1.0,0.0,0.0,0.0,1.0,1
189,-0.9359209033593602,0.3606770013334066,1.0015136719152735,-0.4897320122234465,1.1572137169579397,1.0,0.0,0.0,0.0,0.0,0.0,1.0,0.0,0.0,1.0,0.0,0.0,0
190,-0.7297709246458447,-0.7529482240597711,0.6792071909298819,-1.130151917053941,0.9904456081426658,1.0,0.0,0.0,0.0,0.0,1.0,0.0,0.0,0.0,1.0,0.0,0.0,1
191,0.644562266777592,-0.7277325796694539,1.1805728280182688,1.2277577325492428,1.647708154649922,0.0,1.0,0.0,0.0,0.0,0.0,1.0,0.0,0.0,1.0,0.0,0.0,0
192,0.43841228806407645,-0.9761276751375096,-0.0012176022615003296,-0.5770619992457866,-1.5601254678556418,1.0,0.0,0.0,1.0,0.0,0.0,0.0,0.0,0.0,1.0,0.0,0.0,0
193,0.3696956284929046,0.9029627875268895,1.825185789989052,-0.7226119776163535,-0.2946498186103276,0.0,1.0,0.0,1.0,0.0,0.0,0.0,0.0,0.0,1.0,0.0,0.0,0
194,-0.5236209459323292,-0.3978738209367952,-0.7174542266734816,1.6352976719868302,0.05850617652789963,0.0,1.0,0.0,0.0,1.0,0.0,0.0,0.0,0.0,0.0,0.0,1.0,1
195,1.6065955007739976,0.09382402306315925,0.6075835284886838,0.06335790558470769,0.7451983892966747,1.0,0.0,0.0,1.0,0.0,0.0,0.0,0.0,0.0,1.0,0.0,0.0,1
196,-1.4856541799287348,-0.09703094062851624,-1.1113843701000714,0.4417878493481816,0.48033139294300436,1.0,0.0,0.0,0.0,1.0,0.0,0.0,0.0,0.0,0.0,1.0,0.0,0
197,-0.592337605503501,0.6979029145405189,1.5386911402242593,-0.839051960312807,0.2547039516046925,1.0,0.0,0.0,0.0,1.0,0.0,0.0,0.0,0.0,0.0,0.0,1.0,0
198,-1.348220860786391,-0.8801996800823911,-0.5383950705704863,-0.7226119776163535,-0.6576157025023944,1.0,0.0,0.0,1.0,0.0,0.0,0.0,0.0,0.0,1.0,0.0,0.0,1
199,-0.592337605503501,-1.1090086548702875,1.1447609967976697,0.8202177931116555,-1.3737375815326884,1.0,0.0,0.0,0.0,0.0,1.0,0.0,0.0,0.0,1.0,0.0,0.0,0
200,1.6753121603451695,0.19075082250261416,-0.5383950705704863,-0.14041206413408597,-0.20636081982577079,0.0,1.0,0.0,0.0,1.0,0.0,0.0,0.0,0.0,1.0,0.0,0.0,0
201,-0.4549042863611573,0.5673811796466047,1.1089491655770707,-1.1883719084021676,-0.8243838113176684,0.0,1.0,0.0,0.0,0.0,1.0,0.0,0.0,0.0,1.0,0.0,0.0,1
202,1.469162181631654,0.29897666597844236,-0.10865309592329753,1.1986477368751294,0.23508417409701324,0.0,1.0,0.0,0.0,0.0,1.0,0.0,0.0,0.0,1.0,0.0,0.0,1
203,-0.042604328934126356,-0.8429128347623595,-1.469502682306062,-0.3150720381787662,1.098354384434902,0.0,1.0,0.0,1.0,0.0,0.0,0.0,0.0,0.0,0.0,1.0,0.0,1
204,0.7132789263487638,-0.014843171960697,-1.039760707658873,0.6164478233928619,0.2252742853431736,1.0,0.0,0.0,0.0,0.0,0.0,1.0,0.0,0.0,0.0,0.0,1.0,0
205,-0.18003764807647002,-0.7773256060385405,0.715019022150481,-0.5188420078975599,0.33318306163540967,0.0,1.0,0.0,0.0,1.0,0.0,0.0,0.0,0.0,1.0,0.0,0.0,0
206,-0.8672042437881883,-0.5550221919541825,-1.003948876438274,0.23801787962938795,-1.5993650228710004,1.0,0.0,0.0,1.0,0.0,0.0,0.0,0.0,0.0,0.0,0.0,1.0,1
207,0.9194289050622793,-0.9774009007486884,-0.7174542266734816,0.9948777671563358,0.5588105029737215,1.0,0.0,0.0,0.0,0.0,1.0,0.0,0.0,0.0,1.0,0.0,0.0,0
208,1.6753121603451695,1.267520832724053,0.21365338506209405,1.3733077109198097,-0.17693115356425185,1.0,0.0,0.0,1.0,0.0,0.0,0.0,0.0,0.0,0.0,1.0,0.0,0
209,-0.8672042437881883,0.599840655611863,-0.7890778891146797,-0.9846019386833739,-1.3050683602558109,0.0,1.0,0.0,0.0,0.0,0.0,0.0,1.0,0.0,1.0,0.0,0.0,1
210,0.988145564633451,0.5714147272743385,-1.2546316949824676,0.6455578190669753,-0.9813420313791027,0.0,1.0,0.0,0.0,1.0,0.0,0.0,0.0,0.0,1.0,0.0,0.0,0
211,-0.8672042437881883,1.2135787298672194,0.5001480348268865,1.4606376979421498,1.039495051911864,0.0,0.0,1.0,0.0,0.0,1.0,0.0,0.0,0.0,0.0,0.0,1.0,1
212,0.7819955859199356,2.7768961865083175,0.75083085337108,0.5291178363705217,1.5299894896038464,1.0,0.0,0.0,0.0,1.0,0.0,0.0,0.0,0.0,1.0,0.0,0.0,0
213,1.0568622242046228,-1.7426089375583145,0.8940781782534762,-1.1883719084021676,0.06831606528173927,1.0,0.0,0.0,0.0,0.0,0.0,0.0,1.0,0.0,1.0,0.0,0.0,1
214,-0.18003764807647002,-0.014843171960697,1.6461266338860565,-1.0428219300316006,1.7458070421883185,1.0,0.0,0.0,0.0,0.0,1.0,0.0,0.0,0.0,1.0,0.0,0.0,0
215,0.8507122454911075,-0.6496502969874176,-1.2546316949824676,-0.9846019386833739,-1.1088705851790182,1.0,0.0,0.0,0.0,0.0,0.0,0.0,0.0,1.0,1.0,0.0,0.0,0
216,-0.7984875842170165,-0.8842748908518521,-0.18027675836449564,-1.3339218867727345,-0.6772354800100737,0.0,1.0,0.0,0.0,1.0,0.0,0.0,0.0,0.0,0.0,0.0,1.0,1
217,-1.4856541799287348,-1.1110195958443125,-0.8607015515558779,0.9075477801339956,1.5790389333730446,0.0,1.0,0.0,0.0,0.0,0.0,1.0,0.0,0.0,0.0,0.0,1.0,0
218,-1.416937520357563,-0.33315540759512413,1.5028793090036603,1.6352976719868302,-1.1284903626866973,0.0,1.0,0.0,0.0,0.0,0.0,0.0,1.0,0.0,0.0,0.0,1.0,0
219,-0.18003764807647002,-1.2500283904623033,0.21365338506209405,0.09246790125882107,0.6078599467429198,1.0,0.0,0.0,0.0,0.0,1.0,0.0,0.0,0.0,0.0,1.0,0.0,0
220,1.4004455220604821,0.3014864536360789,-1.3620671886442648,0.38356785799995485,-0.05921248851817611,1.0,0.0,0.0,0.0,0.0,0.0,0.0,1.0,0.0,1.0,0.0,0.0,1
221,-1.348220860786391,0.01816653522963667,0.75083085337108,0.9948777671563358,-0.5693267037178377,1.0,0.0,0.0,1.0,0.0,0.0,0.0,0.0,0.0,0.0,0.0,1.0,1
222,-0.18003764807647002,0.4474607700422747,-1.54112634474726,-0.25685204683053947,-0.03959271101049682,0.0,1.0,0.0,0.0,1.0,0.0,0.0,0.0,0.0,0.0,0.0,1.0,0
223,0.02611233063704547,0.4741579557524053,-0.7174542266734816,-0.053082077111745826,-0.46141792742560156,0.0,1.0,0.0,1.0,0.0,0.0,0.0,0.0,0.0,1.0,0.0,0.0,0
224,-1.0733542225017039,0.5694282286767928,0.8582663470328772,0.3544578623258415,1.3828411582962516,0.0,1.0,0.0,1.0,0.0,0.0,0.0,0.0,0.0,0.0,1.0,0.0,0
225,0.7819955859199356,-0.40690472353754836,0.10621789140029686,-0.6352819905940134,1.735997153434479,0.0,1.0,0.0,0.0,0.0,0.0,0.0,0.0,1.0,1.0,0.0,0.0,1
226,-0.7297709246458447,2.0874364631811773,1.0015136719152735,-1.4794718651433014,0.038886399020220334,0.0,1.0,0.0,1.0,0.0,0.0,0.0,0.0,0.0,1.0,0.0,0.0,1
227,1.1255788837757947,0.20088385407918682,0.32108887872389125,3.338232418922463,-0.05921248851817611,0.0,1.0,0.0,0.0,0.0,0.0,0.0,0.0,1.0,0.0,1.0,0.0,1
228,0.3009789689217328,-1.8958548609672694,1.288008321680066,1.1404277455269027,-1.5503155791018022,0.0,1.0,0.0,0.0,0.0,0.0,0.0,1.0,0.0,1.0,0.0,0.0,0
229,0.16354564977938912,-1.0358181805355617,0.2852770475032922,-1.450361869469188,-0.9126728101022252,0.0,1.0,0.0,1.0,0.0,0.0,0.0,0.0,0.0,1.0,0.0,0.0,0
230,-1.1420708820728755,-1.7738829582642999,-1.505314513526661,-0.9554919430092605,-1.60917491162484,1.0,0.0,0.0,0.0,0.0,1.0,0.0,0.0,0.0,1.0,0.0,0.0,1
231,-0.11132098850529819,-0.016194446524044236,-0.0012176022615003296,-0.7808319689645803,1.314171937019374,0.0,1.0,0.0,0.0,0.0,1.0,0.0,0.0,0.0,0.0,0.0,1.0,1
232,1.2630122029181383,-0.1553221199730957,1.0373255031358726,1.0822077541786759,-0.9421024763637441,0.0,1.0,0.0,0.0,1.0,0.0,0.0,0.0,0.0,0.0,1.0,0.0,0
233,-1.6918041586422503,-0.5019133519318905,-1.5769381759678591,0.06335790558470769,-0.5300871487024791,0.0,1.0,0.0,1.0,0.0,0.0,0.0,0.0,0.0,1.0,0.0,0.0,0
234,0.9194289050622793,1.9772285651762544,-0.35933591446749097,0.15068789260704782,1.265122493250176,0.0,1.0,0.0,0.0,0.0,0.0,1.0,0.0,0.0,1.0,0.0,0.0,0
235,-0.042604328934126356,0.5154089101306258,-1.6485618384090572,0.5291178363705217,0.8040577218197126,0.0,1.0,0.0,0.0,0.0,0.0,0.0,0.0,1.0,1.0,0.0,0.0,0
236,0.7819955859199356,0.6925094819668146,-0.6100187330116844,-0.7517219732904669,0.4705215041891647,1.0,0.0,0.0,0.0,0.0,0.0,0.0,0.0,1.0,0.0,1.0,0.0,0
237,0.5758456072064201,-0.9645219903780256,0.39271254116508936,0.7619978017634288,-1.60917491162484,0.0,1.0,0.0,0.0,1.0,0.0,0.0,0.0,0.0,1.0,0.0,0.0,0
238,-0.24875430764764184,-1.0325878982803252,-1.0755725388794721,-1.595911847839755,0.26451384035853215,0.0,1.0,0.0,0.0,1.0,0.0,0.0,0.0,0.0,0.0,1.0,0.0,0
239,-0.6610542650746728,-0.014843171960697,-0.037029433482099396,-1.304811891098621,0.2547039516046925,0.0,1.0,0.0,0.0,0.0,1.0,0.0,0.0,0.0,0.0,1.0,0.0,1
240,0.43841228806407645,0.139465161562297,1.825185789989052,1.1404277455269027,-0.6085662587331963,0.0,1.0,0.0,0.0,0.0,0.0,1.0,0.0,0.0,1.0,0.0,0.0,0
241,0.02611233063704547,-1.889682049888991,-1.469502682306062,0.5873378277187485,-0.05921248851817611,0.0,1.0,0.0,0.0,1.0,0.0,0.0,0.0,0.0,1.0,0.0,0.0,1
242,0.02611233063704547,-0.21381939299208527,-1.469502682306062,-1.1010419213798275,1.5790389333730446,0.0,1.0,0.0,0.0,1.0,0.0,0.0,0.0,0.0,0.0,0.0,1.0,0
243,-1.4856541799287348,-0.019456392766992944,-0.7532660578940806,-0.16952205980819934,-0.8243838113176684,1.0,0.0,0.0,0.0,0.0,1.0,0.0,0.0,0.0,0.0,0.0,1.0,0
244,0.5071289476352483,-0.24865811210423616,1.2163846592388678,-1.5085818608174146,-0.5693267037178377,0.0,1.0,0.0,0.0,1.0,0.0,0.0,0.0,0.0,1.0,0.0,0.0,0
245,0.43841228806407645,-0.8468491683927302,-0.25190042080569375,0.6164478233928619,-0.5987563699793566,1.0,0.0,0.0,1.0,0.0,0.0,0.0,0.0,0.0,0.0,1.0,0.0,0
246,-1.4856541799287348,-0.5730167806203692,0.5717716972680846,0.9075477801339956,1.235692826988657,1.0,0.0,0.0,1.0,0.0,0.0,0.0,0.0,0.0,0.0,0.0,1.0,0
247,0.9194289050622793,-0.21037190689131194,-1.5769381759678591,-0.7226119776163535,-1.471836469071085,0.0,1.0,0.0,1.0,0.0,0.0,0.0,0.0,0.0,0.0,0.0,1.0,0
248,-0.3174709672188137,0.05726489395196013,0.8940781782534762,-0.4897320122234465,1.4613202683269688,0.0,1.0,0.0,0.0,0.0,0.0,1.0,0.0,0.0,0.0,1.0,0.0,1
249,0.988145564633451,0.5712130776683794,-1.469502682306062,-0.8681619559869204,1.0198752744041848,1.0,0.0,0.0,0.0,0.0,0.0,1.0,0.0,0.0,1.0,0.0,0.0,1
250,-1.6230874990710784,1.0472372477506218,0.8224545158122781,-0.3441820338528796,-0.01997293350281753,1.0,0.0,0.0,0.0,0.0,0.0,0.0,1.0,0.0,0.0,1.0,0.0,0
251,-1.1420708820728755,-0.32785030088188105,-1.1830080325412695,-0.7517219732904669,0.33318306163540967,0.0,1.0,0.0,0.0,0.0,0.0,0.0,1.0,0.0,0.0,1.0,0.0,0
252,-0.042604328934126356,-0.48964494546466775,1.323820152900665,-0.839051960312807,1.4515103795731292,0.0,1.0,0.0,1.0,0.0,0.0,0.0,0.0,0.0,1.0,0.0,0.0,0
253,-1.1420708820728755,0.4040911060300951,-0.6458305642322835,-0.19863205548231272,-0.05921248851817611,0.0,1.0,0.0,0.0,0.0,0.0,1.0,0.0,0.0,1.0,0.0,0.0,0
254,-0.592337605503501,0.5772658988984841,-1.039760707658873,1.2859777238974694,-0.7557145900407909,0.0,1.0,0.0,0.0,0.0,0.0,0.0,1.0,0.0,1.0,0.0,0.0,0
255,0.5758456072064201,-0.46769124731729966,-0.5025832393498872,0.936657775808109,-1.5699353566094814,1.0,0.0,0.0,0.0,1.0,0.0,0.0,0.0,0.0,0.0,1.0,0.0,0
256,0.02611233063704547,0.7567990427029753,-1.6843736696296563,-0.6643919862681268,0.6078599467429198,0.0,1.0,0.0,0.0,1.0,0.0,0.0,0.0,0.0,1.0,0.0,0.0,0
257,0.644562266777592,0.9459752595373287,-1.1113843701000714,1.5770776806386033,-1.226589250225094,0.0,1.0,0.0,0.0,1.0,0.0,0.0,0.0,0.0,0.0,0.0,1.0,0
258,0.02611233063704547,1.2580499673466619,0.4285243723856884,-0.9554919430092605,-0.05921248851817611,1.0,0.0,0.0,0.0,1.0,0.0,0.0,0.0,0.0,1.0,0.0,0.0,1
259,-1.1420708820728755,1.7446432432222194,-0.6458305642322835,1.4606376979421498,1.7654268196959977,0.0,1.0,0.0,0.0,0.0,0.0,0.0,0.0,1.0,1.0,0.0,0.0,1
260,0.3009789689217328,-0.8998702380631175,-0.4309595769086891,-0.6352819905940134,-0.05921248851817611,0.0,1.0,0.0,0.0,0.0,0.0,0.0,1.0,0.0,0.0,0.0,1.0,0
261,1.0568622242046228,-0.01963026694513405,1.1447609967976697,0.1797978882811612,0.5784302804814008,1.0,0.0,0.0,0.0,0.0,0.0,0.0,1.0,0.0,1.0,0.0,0.0,1
262,-1.2107875416440474,-0.022250600805486586,-1.2546316949824676,-0.9846019386833739,-0.971532142625263,0.0,1.0,0.0,0.0,0.0,0.0,0.0,1.0,0.0,0.0,1.0,0.0,0
263,0.02611233063704547,-0.014843171960697,-0.28771225202629286,0.936657775808109,-1.383547470286528,0.0,1.0,0.0,1.0,0.0,0.0,0.0,0.0,0.0,1.0,0.0,0.0,0
264,1.5378788412028257,-0.6827352755871383,-1.039760707658873,-0.6061719949199,-1.5306958015941228,0.0,1.0,0.0,0.0,0.0,1.0,0.0,0.0,0.0,0.0,1.0,0.0,1
265,1.7440288199163412,-1.5189639703103461,-0.0012176022615003296,1.3150877195715829,-0.4810377049332808,1.0,0.0,0.0,0.0,0.0,0.0,0.0,0.0,1.0,1.0,0.0,0.0,1
266,0.3009789689217328,0.05914417939812791,-0.5383950705704863,-1.4212518737950746,-1.7367034654247553,0.0,1.0,0.0,0.0,0.0,0.0,0.0,0.0,1.0,0.0,1.0,0.0,1
267,0.02611233063704547,-0.8018179782884765,-1.54112634474726,0.03424790991059431,-0.24560037484112934,0.0,1.0,0.0,1.0,0.0,0.0,0.0,0.0,0.0,0.0,0.0,1.0,0
268,-0.5236209459323292,0.05245863392232858,-1.469502682306062,-1.1592619127280541,-0.588946481225517,0.0,1.0,0.0,1.0,0.0,0.0,0.0,0.0,0.0,1.0,0.0,0.0,1
269,0.3696956284929046,-0.8275035829174746,1.323820152900665,1.3733077109198097,0.13698528655861678,0.0,1.0,0.0,0.0,0.0,0.0,1.0,0.0,0.0,1.0,0.0,0.0,0
270,0.3009789689217328,-1.1330927283312981,-1.505314513526661,-0.25685204683053947,0.3626127278969286,1.0,0.0,0.0,0.0,0.0,1.0,0.0,0.0,0.0,1.0,0.0,0.0,0
271,-0.7297709246458447,0.2007510875342167,-0.0012176022615003296,0.6455578190669753,-0.05921248851817611,0.0,1.0,0.0,0.0,0.0,0.0,1.0,0.0,0.0,0.0,0.0,1.0,0
272,-1.6918041586422503,0.11738147441274034,1.5386911402242593,1.3441977152456963,-0.11807182104121397,1.0,0.0,0.0,0.0,0.0,0.0,0.0,1.0,0.0,0.0,1.0,0.0,1
273,-1.2795042012152194,0.545705791285973,-0.037029433482099396,0.15068789260704782,-0.05921248851817611,1.0,0.0,0.0,0.0,0.0,0.0,0.0,0.0,1.0,1.0,0.0,0.0,0
274,1.6065955007739976,2.15215154347151,-0.6100187330116844,-1.5085818608174146,-0.667425591256234,1.0,0.0,0.0,0.0,0.0,0.0,0.0,1.0,0.0,1.0,0.0,0.0,0
275,-0.3174709672188137,0.24373856165961993,1.0373255031358726,-0.9263819473351471,1.755616930942158,0.0,1.0,0.0,0.0,1.0,0.0,0.0,0.0,0.0,0.0,0.0,1.0,1
276,-0.042604328934126356,0.4515132049609246,1.789373958768453,-0.9554919430092605,1.7948564859575167,1.0,0.0,0.0,0.0,0.0,1.0,0.0,0.0,0.0,0.0,0.0,1.0,0
277,-0.11132098850529819,-1.110997375502058,-0.0012176022615003296,1.4606376979421498,-0.010163044748977884,1.0,0.0,0.0,0.0,0.0,0.0,1.0,0.0,0.0,0.0,0.0,1.0,0
278,0.988145564633451,-1.3203257762355032,1.7177502963272546,1.4606376979421498,1.6084685996345636,0.0,1.0,0.0,0.0,1.0,0.0,0.0,0.0,0.0,1.0,0.0,0.0,0
279,0.02611233063704547,1.5491681148672931,1.6461266338860565,-0.053082077111745826,0.038886399020220334,1.0,0.0,0.0,0.0,0.0,1.0,0.0,0.0,0.0,0.0,0.0,1.0,0
280,-1.4856541799287348,-0.9569292994296897,-1.1830080325412695,1.3733077109198097,-1.3050683602558109,1.0,0.0,0.0,1.0,0.0,0.0,0.0,0.0,0.0,1.0,0.0,0.0,1
281,-0.7984875842170165,-1.0773829972481257,-1.505314513526661,-0.839051960312807,1.3534114920347327,0.0,1.0,0.0,0.0,0.0,0.0,1.0,0.0,0.0,1.0,0.0,0.0,0
282,-0.042604328934126356,-0.0726230056791469,0.8224545158122781,0.6455578190669753,-0.26522015234880864,1.0,0.0,0.0,1.0,0.0,0.0,0.0,0.0,0.0,1.0,0.0,0.0,0
283,0.5758456072064201,-0.12371201659051237,-1.433690851085463,-0.3441820338528796,0.4410918379276458,0.0,1.0,0.0,0.0,0.0,1.0,0.0,0.0,0.0,1.0,0.0,0.0,0
284,-0.042604328934126356,-0.014843171960697,0.4285243723856884,-0.8681619559869204,0.5686203917275612,1.0,0.0,0.0,0.0,0.0,0.0,1.0,0.0,0.0,0.0,0.0,1.0,0
285,-0.24875430764764184,-0.3384749575308323,-1.469502682306062,-0.839051960312807,-0.6478058137485547,0.0,0.0,1.0,0.0,0.0,0.0,0.0,1.0,0.0,1.0,0.0,0.0,1
286,1.5378788412028257,1.1957441276652643,-0.0012176022615003296,-0.25685204683053947,0.8727269430965902,0.0,1.0,0.0,0.0,0.0,0.0,0.0,1.0,0.0,0.0,1.0,0.0,0
287,-1.2107875416440474,-0.8394525719647896,-0.896513382776477,-0.5188420078975599,0.038886399020220334,1.0,0.0,0.0,0.0,0.0,0.0,1.0,0.0,0.0,0.0,0.0,1.0,1
288,0.02611233063704547,-1.427081744071201,-1.3620671886442648,-0.9554919430092605,-0.44179814991792227,0.0,1.0,0.0,0.0,1.0,0.0,0.0,0.0,0.0,0.0,0.0,1.0,0
289,0.16354564977938912,0.9089867223120632,-1.469502682306062,-0.5479520035716733,-0.6870453687639133,1.0,0.0,0.0,0.0,1.0,0.0,0.0,0.0,0.0,0.0,0.0,1.0,0
290,-0.11132098850529819,0.4587275945823786,-0.0012176022615003296,-1.2465918997503944,0.9217763868657883,1.0,0.0,0.0,0.0,1.0,0.0,0.0,0.0,0.0,1.0,0.0,0.0,0
291,1.0568622242046228,-0.6539938183896004,0.21365338506209405,1.6644076676609434,-0.8538134775791874,0.0,1.0,0.0,0.0,0.0,0.0,0.0,1.0,0.0,0.0,1.0,0.0,0
292,-0.8672042437881883,-1.6155607976673225,-1.433690851085463,-0.373292029526993,-1.3050683602558109,0.0,1.0,0.0,0.0,0.0,0.0,0.0,1.0,0.0,1.0,0.0,0.0,0
293,1.6065955007739976,-0.7780877637778673,1.1447609967976697,-1.3339218867727345,1.4024609358039308,0.0,1.0,0.0,0.0,1.0,0.0,0.0,0.0,0.0,0.0,0.0,1.0,1
294,0.02611233063704547,-0.08822724102731434,0.4285243723856884,0.2962378709776147,-0.559516814963998,0.0,1.0,0.0,0.0,1.0,0.0,0.0,0.0,0.0,0.0,1.0,0.0,0
295,0.02611233063704547,1.132046183541628,-0.6458305642322835,1.3733077109198097,0.5391907254660422,0.0,1.0,0.0,0.0,1.0,0.0,0.0,0.0,0.0,0.0,0.0,1.0,0
296,0.0948289902082173,-1.0700219533677926,1.789373958768453,-0.4606220165493331,0.8138676105735523,0.0,1.0,0.0,1.0,0.0,0.0,0.0,0.0,0.0,0.0,1.0,0.0,0
297,1.2630122029181383,-0.11804027423007142,0.6433953597092829,1.2277577325492428,1.2455027157424967,0.0,1.0,0.0,0.0,1.0,0.0,0.0,0.0,0.0,1.0,0.0,0.0,0
298,-0.24875430764764184,0.6415599037030958,0.6792071909298819,0.41267785367406823,0.490141281696844,0.0,1.0,0.0,0.0,0.0,1.0,0.0,0.0,0.0,0.0,1.0,0.0,0
299,-0.7984875842170165,-2.4145931949651858,-1.0755725388794721,0.8493277887857689,0.7844379443120333,1.0,0.0,0.0,0.0,0.0,0.0,0.0,0.0,1.0,0.0,0.0,1.0,1
300,-1.6918041586422503,-0.014843171960697,0.8224545158122781,-0.6643919862681268,1.2455027157424967,0.0,1.0,0.0,1.0,0.0,0.0,0.0,0.0,0.0,1.0,0.0,0.0,0
301,-0.5236209459323292,-1.215877946451483,0.2852770475032922,-1.5668018521656415,1.6280883771422427,0.0,1.0,0.0,0.0,0.0,0.0,0.0,0.0,1.0,1.0,0.0,0.0,0
302,1.1255788837757947,0.2984400447129979,1.789373958768453,-0.4897320122234465,-1.579745245363321,0.0,1.0,0.0,0.0,1.0,0.0,0.0,0.0,0.0,1.0,0.0,0.0,0
303,-1.7605208182134222,0.21313503978116205,-0.0012176022615003296,1.5188576892903767,0.9119664981119487,1.0,0.0,0.0,0.0,0.0,0.0,0.0,0.0,1.0,0.0,0.0,1.0,0
304,1.4004455220604821,1.0509674877065824,0.715019022150481,1.0530977585045624,-1.1284903626866973,1.0,0.0,0.0,0.0,1.0,0.0,0.0,0.0,0.0,1.0,0.0,0.0,0
305,0.16354564977938912,-0.014843171960697,-0.5025832393498872,1.0239877628304492,1.4417004908192894,0.0,1.0,0.0,0.0,0.0,0.0,1.0,0.0,0.0,0.0,0.0,1.0,0
306,-1.2795042012152194,-2.410616864718757,-1.5769381759678591,1.3441977152456963,-1.579745245363321,0.0,1.0,0.0,0.0,1.0,0.0,0.0,0.0,0.0,0.0,1.0,0.0,0
307,-0.7297709246458447,-0.014843171960697,-1.2546316949824676,-0.40240202520110635,-0.05921248851817611,1.0,0.0,0.0,0.0,1.0,0.0,0.0,0.0,0.0,0.0,1.0,0.0,1
308,0.16354564977938912,0.10466588355764807,1.359631984121264,-0.5770619992457866,-1.0598211414098198,0.0,1.0,0.0,0.0,0.0,0.0,1.0,0.0,0.0,1.0,0.0,0.0,0
309,-0.6610542650746728,-0.22849092947412333,0.9298900094740753,1.5188576892903767,0.41166217166612684,1.0,0.0,0.0,0.0,0.0,0.0,1.0,0.0,0.0,0.0,1.0,0.0,0
310,-1.416937520357563,0.4440427258949884,-0.39514774568809,0.2962378709776147,-1.7367034654247553,0.0,0.0,1.0,0.0,0.0,1.0,0.0,0.0,0.0,1.0,0.0,0.0,0
311,0.5758456072064201,0.7557724628908212,0.7866426845916791,-0.6643919862681268,-1.6876540216555571,0.0,1.0,0.0,0.0,1.0,0.0,0.0,0.0,0.0,1.0,0.0,0.0,0
312,0.5758456072064201,0.5748727680376828,-0.0012176022615003296,-0.7226119776163535,0.05850617652789963,0.0,1.0,0.0,0.0,0.0,0.0,0.0,1.0,0.0,0.0,1.0,0.0,0
313,-1.348220860786391,-0.24778429714508085,-1.5769381759678591,1.3441977152456963,1.726187264680639,0.0,0.0,1.0,0.0,0.0,1.0,0.0,0.0,0.0,1.0,0.0,0.0,0
314,-0.7984875842170165,-1.879708449268094,-0.0012176022615003296,-1.5085818608174146,0.13698528655861678,1.0,0.0,0.0,0.0,1.0,0.0,0.0,0.0,0.0,1.0,0.0,0.0,1
315,-0.9359209033593602,-0.48897000256869,0.5001480348268865,-1.4794718651433014,-0.15731137605657255,0.0,1.0,0.0,0.0,1.0,0.0,0.0,0.0,0.0,1.0,0.0,0.0,0
316,0.5758456072064201,0.3828056846760287,1.6103148026654575,0.8493277887857689,0.6078599467429198,1.0,0.0,0.0,0.0,0.0,1.0,0.0,0.0,0.0,0.0,0.0,1.0,0
317,0.7819955859199356,-1.1238823964668407,1.0015136719152735,-1.683241834862095,0.2252742853431736,1.0,0.0,0.0,0.0,0.0,0.0,0.0,0.0,1.0,0.0,1.0,0.0,0
318,0.7819955859199356,0.5976941705500859,-0.7890778891146797,-1.1010419213798275,-0.37312892864104474,1.0,0.0,0.0,0.0,1.0,0.0,0.0,0.0,0.0,1.0,0.0,0.0,0
319,1.5378788412028257,0.8747890600739524,1.1805728280182688,1.7226276590091703,0.35280283914308896,1.0,0.0,0.0,0.0,1.0,0.0,0.0,0.0,0.0,1.0,0.0,0.0,0
320,0.9194289050622793,0.09332906493944222,0.034594228959098736,-0.2277420511564261,-1.7367034654247553,0.0,1.0,0.0,0.0,0.0,0.0,1.0,0.0,0.0,0.0,0.0,1.0,0
321,-0.6610542650746728,-2.777872737219886,1.2163846592388678,0.8202177931116555,-0.8734332550868666,0.0,1.0,0.0,0.0,0.0,0.0,1.0,0.0,0.0,1.0,0.0,0.0,0
322,-1.416937520357563,-1.3115076334118356,-1.0755725388794721,-0.023972081437632447,0.6569093905121179,1.0,0.0,0.0,0.0,0.0,0.0,1.0,0.0,0.0,0.0,0.0,1.0,0
323,0.3696956284929046,1.852501895542293,-1.6127500071884582,-1.3921418781209611,-0.5300871487024791,0.0,1.0,0.0,1.0,0.0,0.0,0.0,0.0,0.0,0.0,1.0,0.0,1
324,0.02611233063704547,-0.5800189659732938,-1.505314513526661,-1.071931925705714,-1.5601254678556418,1.0,0.0,0.0,0.0,0.0,0.0,0.0,0.0,1.0,1.0,0.0,0.0,1
325,1.6753121603451695,-0.014843171960697,1.825185789989052,0.936657775808109,-1.3050683602558109,1.0,0.0,0.0,0.0,0.0,0.0,0.0,1.0,0.0,0.0,1.0,0.0,0
326,-1.004637562930532,1.2016152975974388,-1.433690851085463,-1.363031882446848,1.3534114920347327,0.0,1.0,0.0,1.0,0.0,0.0,0.0,0.0,0.0,1.0,0.0,0.0,0
327,-0.9359209033593602,-0.020172998804698115,1.6103148026654575,0.3544578623258415,-0.5693267037178377,1.0,0.0,0.0,0.0,0.0,0.0,1.0,0.0,0.0,0.0,1.0,0.0,1
328,-1.6918041586422503,1.071319654685963,0.8582663470328772,-0.4897320122234465,-1.6680342441478777,0.0,1.0,0.0,0.0,1.0,0.0,0.0,0.0,0.0,1.0,0.0,0.0,1
329,-1.2795042012152194,0.2434080340685856,-1.1830080325412695,-0.40240202520110635,-0.05921248851817611,1.0,0.0,0.0,0.0,0.0,0.0,0.0,1.0,0.0,1.0,0.0,0.0,1
330,0.16354564977938912,0.4249926709717162,1.359631984121264,1.6061876763127168,0.14679517531245642,0.0,1.0,0.0,0.0,0.0,1.0,0.0,0.0,0.0,0.0,0.0,1.0,0
331,0.16354564977938912,0.32945130987182464,-1.1830080325412695,0.41267785367406823,-0.13769159854889326,1.0,0.0,0.0,0.0,0.0,0.0,0.0,0.0,1.0,1.0,0.0,0.0,0
332,-0.4549042863611573,0.6639019023313594,-1.1830080325412695,0.4417878493481816,1.4515103795731292,1.0,0.0,0.0,0.0,0.0,1.0,0.0,0.0,0.0,0.0,1.0,0.0,0
333,-0.6610542650746728,2.243710463730853,0.32108887872389125,-0.4897320122234465,-0.6281860362408754,0.0,1.0,0.0,0.0,1.0,0.0,0.0,0.0,0.0,0.0,0.0,1.0,1
334,1.1942955433469666,0.9373965409014535,-0.6816423954528825,-0.373292029526993,0.2939435066200511,1.0,0.0,0.0,0.0,1.0,0.0,0.0,0.0,0.0,0.0,1.0,0.0,0
335,-0.18003764807647002,-1.6137331745168964,-0.0012176022615003296,0.6746678147410886,0.9119664981119487,0.0,1.0,0.0,0.0,0.0,0.0,1.0,0.0,0.0,1.0,0.0,0.0,0
336,1.1255788837757947,0.41309645523725574,-1.003948876438274,-1.5668018521656415,-0.05921248851817611,1.0,0.0,0.0,0.0,1.0,0.0,0.0,0.0,0.0,1.0,0.0,0.0,0
337,1.6753121603451695,1.107856563454908,0.4643362036062875,-0.8681619559869204,-1.0107716976406216,1.0,0.0,0.0,0.0,0.0,0.0,0.0,0.0,1.0,0.0,0.0,1.0,0
338,-0.6610542650746728,1.1690713843316136,-1.6127500071884582,0.38356785799995485,-0.05921248851817611,0.0,0.0,1.0,0.0,0.0,0.0,1.0,0.0,0.0,1.0,0.0,0.0,0
339,-1.0733542225017039,-0.4600963343347384,-0.8248897203352787,0.470897845022295,0.9119664981119487,0.0,1.0,0.0,0.0,0.0,1.0,0.0,0.0,0.0,0.0,0.0,1.0,0
340,1.6065955007739976,1.1313184673327954,0.2494652162826931,-1.3921418781209611,-1.3148782490096507,1.0,0.0,0.0,0.0,0.0,1.0,0.0,0.0,0.0,0.0,0.0,1.0,0
341,0.5071289476352483,0.894136312074877,0.034594228959098736,1.0239877628304492,-1.1579200289482163,0.0,1.0,0.0,0.0,0.0,0.0,0.0,0.0,1.0,0.0,1.0,0.0,0
342,-0.7297709246458447,2.538772166493088,0.7866426845916791,0.1797978882811612,0.6667192792659575,1.0,0.0,0.0,0.0,1.0,0.0,0.0,0.0,0.0,0.0,0.0,1.0,0
343,0.43841228806407645,-0.7834656421119934,-0.932325213997076,-0.8681619559869204,-1.3246881377634903,1.0,0.0,0.0,0.0,0.0,0.0,1.0,0.0,0.0,1.0,0.0,0.0,0
344,0.02611233063704547,-0.5408850547033633,0.6075835284886838,0.9075477801339956,1.4024609358039308,0.0,1.0,0.0,0.0,0.0,0.0,0.0,0.0,1.0,1.0,0.0,0.0,1
345,1.469162181631654,-0.33962041617404787,1.0015136719152735,1.7226276590091703,-1.3639276927788488,0.0,1.0,0.0,0.0,0.0,0.0,0.0,0.0,1.0,0.0,0.0,1.0,0
346,-0.8672042437881883,-0.5237081746321394,-0.3235240832468919,-0.2277420511564261,1.735997153434479,1.0,0.0,0.0,1.0,0.0,0.0,0.0,0.0,0.0,1.0,0.0,0.0,0
347,1.7440288199163412,-0.9234726856057641,-0.7890778891146797,-0.7226119776163535,0.6569093905121179,0.0,1.0,0.0,0.0,0.0,0.0,0.0,0.0,1.0,1.0,0.0,0.0,0
348,1.5378788412028257,-2.777872737219886,0.2494652162826931,-0.6643919862681268,-0.1671212648104122,1.0,0.0,0.0,0.0,0.0,0.0,1.0,0.0,0.0,1.0,0.0,0.0,0
349,-1.1420708820728755,-0.46819009400091116,0.3569007099444903,0.3544578623258415,-0.7949541450561495,0.0,1.0,0.0,0.0,0.0,0.0,1.0,0.0,0.0,1.0,0.0,0.0,0
350,-1.2107875416440474,0.33579966165391273,-1.3620671886442648,-1.537691856491528,-0.5202772599486394,0.0,0.0,1.0,1.0,0.0,0.0,0.0,0.0,0.0,1.0,0.0,0.0,0
351,0.0948289902082173,-0.5267073653279297,0.2852770475032922,-0.023972081437632447,0.931586275619628,0.0,1.0,0.0,0.0,0.0,0.0,1.0,0.0,0.0,1.0,0.0,0.0,0
352,-1.6230874990710784,1.901689956173793,-1.1471962013206705,-1.6250218435138681,0.9413961643734676,0.0,1.0,0.0,0.0,1.0,0.0,0.0,0.0,0.0,0.0,0.0,1.0,0
353,-0.7297709246458447,-0.020153000496669102,0.32108887872389125,-1.5668018521656415,-0.05921248851817611,1.0,0.0,0.0,0.0,0.0,0.0,1.0,0.0,0.0,1.0,0.0,0.0,0
354,-0.24875430764764184,1.2573922452159312,1.6103148026654575,-0.19863205548231272,0.19584461908165465,1.0,0.0,0.0,0.0,1.0,0.0,0.0,0.0,0.0,0.0,0.0,1.0,0
355,1.6753121603451695,-0.014843171960697,0.21365338506209405,0.8784377844598823,1.8046663747113563,0.0,1.0,0.0,0.0,0.0,1.0,0.0,0.0,0.0,1.0,0.0,0.0,0
356,0.02611233063704547,-0.014843171960697,1.0015136719152735,1.3733077109198097,-0.8341937000715081,0.0,1.0,0.0,0.0,1.0,0.0,0.0,0.0,0.0,0.0,1.0,0.0,0
357,-1.2795042012152194,0.24569061872667083,-0.6100187330116844,-1.3921418781209611,0.7353885005428351,1.0,0.0,0.0,0.0,0.0,0.0,1.0,0.0,0.0,1.0,0.0,0.0,0
358,1.4004455220604821,-0.014843171960697,1.5745029714448584,-0.839051960312807,-1.138300251440537,1.0,0.0,0.0,0.0,0.0,1.0,0.0,0.0,0.0,0.0,0.0,1.0,0
359,-1.4856541799287348,0.022407287548893186,-0.0012176022615003296,-0.2277420511564261,1.235692826988657,0.0,1.0,0.0,0.0,1.0,0.0,0.0,0.0,0.0,1.0,0.0,0.0,0
360,0.8507122454911075,0.46255115997580826,1.5386911402242593,0.2962378709776147,-1.138300251440537,1.0,0.0,0.0,0.0,0.0,0.0,0.0,0.0,1.0,1.0,0.0,0.0,1
361,1.1942955433469666,0.3327743620559737,0.9298900094740753,1.7226276590091703,-0.6870453687639133,1.0,0.0,0.0,0.0,0.0,1.0,0.0,0.0,0.0,1.0,0.0,0.0,1
362,1.4004455220604821,-0.32178859151487477,0.6075835284886838,0.6746678147410886,-0.10826193228737432,1.0,0.0,0.0,1.0,0.0,0.0,0.0,0.0,0.0,0.0,1.0,0.0,0
363,-1.004637562930532,0.37142053681341897,0.14202972262089592,0.1797978882811612,-0.422178372410243,1.0,0.0,0.0,0.0,0.0,0.0,1.0,0.0,0.0,1.0,0.0,0.0,0
364,1.4004455220604821,-0.014843171960697,1.5745029714448584,-1.4794718651433014,-1.138300251440537,1.0,0.0,0.0,1.0,0.0,0.0,0.0,0.0,0.0,1.0,0.0,0.0,0
365,-1.348220860786391,-0.30390121600006564,1.288008321680066,-1.4212518737950746,0.5391907254660422,0.0,1.0,0.0,0.0,0.0,0.0,1.0,0.0,0.0,1.0,0.0,0.0,0
366,0.02611233063704547,0.3859020893691818,-0.21608858958509472,-1.1592619127280541,-1.6778441329017175,1.0,0.0,0.0,1.0,0.0,0.0,0.0,0.0,0.0,0.0,0.0,1.0,1
367,-0.11132098850529819,1.2241450581177533,-1.3978790198648638,0.5873378277187485,1.7654268196959977,1.0,0.0,0.0,0.0,0.0,0.0,0.0,0.0,1.0,0.0,0.0,1.0,0
368,-0.6610542650746728,1.1066294450539078,-1.6843736696296563,-0.5479520035716733,-1.5601254678556418,1.0,0.0,0.0,0.0,1.0,0.0,0.0,0.0,0.0,1.0,0.0,0.0,1
369,-1.6918041586422503,-0.021811749045961684,-0.8607015515558779,-0.8681619559869204,-0.559516814963998,0.0,1.0,0.0,0.0,0.0,0.0,0.0,1.0,0.0,0.0,0.0,1.0,0
370,0.988145564633451,-0.014843171960697,-1.469502682306062,0.6164478233928619,1.5790389333730446,0.0,1.0,0.0,0.0,0.0,0.0,1.0,0.0,0.0,0.0,0.0,1.0,0
371,-0.592337605503501,0.483131640971853,-0.9681370452176751,1.1404277455269027,-1.197159583963575,1.0,0.0,0.0,0.0,0.0,1.0,0.0,0.0,0.0,0.0,0.0,1.0,1
372,0.5758456072064201,-2.2528141046219767,-1.3262553574236657,-0.16952205980819934,-1.4914562465787642,0.0,1.0,0.0,0.0,1.0,0.0,0.0,0.0,0.0,1.0,0.0,0.0,0
373,-0.3174709672188137,1.4362854431634948,1.789373958768453,1.3441977152456963,0.9119664981119487,0.0,0.0,1.0,0.0,1.0,0.0,0.0,0.0,0.0,1.0,0.0,0.0,1
374,-0.4549042863611573,0.1359321271438441,-0.0012176022615003296,0.8493277887857689,-1.4914562465787642,0.0,1.0,0.0,0.0,0.0,0.0,0.0,0.0,1.0,1.0,0.0,0.0,0
375,1.4004455220604821,0.96606189342677,0.5359598660474856,0.7911077974375421,1.4711301570808084,1.0,0.0,0.0,1.0,0.0,0.0,0.0,0.0,0.0,0.0,0.0,1.0,1
376,-1.4856541799287348,-0.9355622183178383,-0.46677140812928813,1.3150877195715829,-0.13769159854889326,1.0,0.0,0.0,0.0,0.0,0.0,0.0,0.0,1.0,1.0,0.0,0.0,0
377,0.8507122454911075,-1.5859033068603465,-1.0755725388794721,-1.071931925705714,1.3632213807885722,0.0,1.0,0.0,0.0,0.0,0.0,0.0,0.0,1.0,1.0,0.0,0.0,0
378,0.8507122454911075,0.22720496049666156,0.7866426845916791,0.936657775808109,-0.8734332550868666,0.0,1.0,0.0,0.0,0.0,0.0,0.0,0.0,1.0,0.0,0.0,1.0,1
379,-0.4549042863611573,-0.0671279150396286,1.7535621275478537,1.6061876763127168,-1.246209027732773,1.0,0.0,0.0,0.0,0.0,1.0,0.0,0.0,0.0,0.0,0.0,1.0,0
380,-0.8672042437881883,-0.525026396436383,1.1089491655770707,1.7517376546832837,1.6967575984191203,1.0,0.0,0.0,0.0,0.0,0.0,0.0,1.0,0.0,1.0,0.0,0.0,0
381,-1.7605208182134222,0.05112652440417625,1.7535621275478537,0.2962378709776147,0.9806357193888262,0.0,1.0,0.0,1.0,0.0,0.0,0.0,0.0,0.0,1.0,0.0,0.0,1
382,1.5378788412028257,2.7336745655264068,0.39271254116508936,0.9075477801339956,1.510369712096167,1.0,0.0,0.0,1.0,0.0,0.0,0.0,0.0,0.0,1.0,0.0,0.0,0
383,1.6065955007739976,0.8009275314031435,0.6792071909298819,1.3733077109198097,-0.6085662587331963,1.0,0.0,0.0,0.0,0.0,1.0,0.0,0.0,0.0,0.0,0.0,1.0,1
384,-0.9359209033593602,1.0158821227954078,-1.1830080325412695,1.2568677282233562,-0.3044597073641672,0.0,1.0,0.0,0.0,0.0,1.0,0.0,0.0,0.0,0.0,1.0,0.0,0
385,-1.6918041586422503,-0.014843171960697,1.323820152900665,1.4024177065939232,0.3135632841277304,0.0,1.0,0.0,1.0,0.0,0.0,0.0,0.0,0.0,1.0,0.0,0.0,0
386,-1.348220860786391,1.4458096373622968,0.9657018406946744,1.1986477368751294,-0.1475014873027329,0.0,1.0,0.0,0.0,1.0,0.0,0.0,0.0,0.0,0.0,1.0,0.0,0
387,-1.5543708394999067,-0.22358301137867811,-0.7890778891146797,-0.373292029526993,-0.8832431438407062,0.0,1.0,0.0,1.0,0.0,0.0,0.0,0.0,0.0,1.0,0.0,0.0,0
388,1.1942955433469666,-2.0881147057979805,-0.4309595769086891,0.8202177931116555,-0.41236848365640333,0.0,1.0,0.0,1.0,0.0,0.0,0.0,0.0,0.0,1.0,0.0,0.0,1
389,1.4004455220604821,-0.22209758149897016,0.4643362036062875,-0.28596204250465285,0.43128194917380613,0.0,1.0,0.0,0.0,1.0,0.0,0.0,0.0,0.0,1.0,0.0,0.0,0
390,-1.2795042012152194,0.7781394594041218,-1.6485618384090572,1.0822077541786759,-1.6189848003786795,1.0,0.0,0.0,1.0,0.0,0.0,0.0,0.0,0.0,0.0,0.0,1.0,0
391,0.8507122454911075,-1.0032459363333621,1.1805728280182688,1.1113177498527893,-0.5497069262101584,0.0,1.0,0.0,0.0,1.0,0.0,0.0,0.0,0.0,1.0,0.0,0.0,0
392,-1.1420708820728755,-0.20987861529326352,-0.7174542266734816,1.5479676849644899,-0.7066651462715926,1.0,0.0,0.0,0.0,0.0,0.0,0.0,0.0,1.0,1.0,0.0,0.0,0
393,-0.4549042863611573,2.7768961865083175,-1.433690851085463,0.3544578623258415,-1.5012661353326038,0.0,1.0,0.0,1.0,0.0,0.0,0.0,0.0,0.0,0.0,0.0,1.0,0
394,0.3696956284929046,1.4683749504302177,-0.5383950705704863,-0.053082077111745826,-1.3148782490096507,0.0,1.0,0.0,0.0,1.0,0.0,0.0,0.0,0.0,0.0,0.0,1.0,1
395,0.7819955859199356,-0.014843171960697,1.252196490459467,-1.130151917053941,0.01926662151254105,1.0,0.0,0.0,0.0,0.0,0.0,0.0,1.0,0.0,1.0,0.0,0.0,1
396,1.3317288624893102,0.6179580116690053,-0.7174542266734816,0.5000078406964084,-1.383547470286528,1.0,0.0,0.0,1.0,0.0,0.0,0.0,0.0,0.0,1.0,0.0,0.0,1
397,-1.6230874990710784,0.5880211000581804,0.21365338506209405,0.26712787530350135,-0.5202772599486394,0.0,1.0,0.0,0.0,1.0,0.0,0.0,0.0,0.0,1.0,0.0,0.0,0
398,-1.0733542225017039,-0.07077371769502264,-0.0012176022615003296,0.09246790125882107,0.2547039516046925,0.0,1.0,0.0,0.0,0.0,1.0,0.0,0.0,0.0,1.0,0.0,0.0,0
399,-0.7984875842170165,0.16401197365075648,-1.5769381759678591,0.6455578190669753,1.373031269542412,0.0,1.0,0.0,0.0,0.0,0.0,1.0,0.0,0.0,1.0,0.0,0.0,0
400,-0.6610542650746728,-1.2186116040573332,1.0015136719152735,1.2568677282233562,-1.3933573590403678,1.0,0.0,0.0,1.0,0.0,0.0,0.0,0.0,0.0,0.0,0.0,1.0,0
401,1.7440288199163412,-2.219784676877892,-0.6816423954528825,-1.1883719084021676,-0.19655093107193114,0.0,1.0,0.0,0.0,1.0,0.0,0.0,0.0,0.0,1.0,0.0,0.0,0
402,0.988145564633451,-0.014843171960697,0.75083085337108,-0.19863205548231272,-1.383547470286528,0.0,1.0,0.0,0.0,0.0,1.0,0.0,0.0,0.0,0.0,0.0,1.0,0
403,-0.6610542650746728,0.2904351664158431,-1.039760707658873,0.7911077974375421,-0.21617070857961043,0.0,1.0,0.0,0.0,0.0,0.0,1.0,0.0,0.0,1.0,0.0,0.0,0
404,1.6753121603451695,1.175634717925013,-1.2188198637618686,1.1404277455269027,-0.029782822256657175,1.0,0.0,0.0,0.0,0.0,1.0,0.0,0.0,0.0,1.0,0.0,0.0,1
405,-0.042604328934126356,1.53767519834475,1.1089491655770707,0.9948777671563358,-0.05921248851817611,1.0,0.0,0.0,0.0,0.0,0.0,0.0,1.0,0.0,1.0,0.0,0.0,1
406,0.02611233063704547,1.5363380892495908,1.1447609967976697,1.0822077541786759,-0.1671212648104122,1.0,0.0,0.0,0.0,0.0,0.0,0.0,1.0,0.0,1.0,0.0,0.0,1
407,0.02611233063704547,-1.0314663265050332,1.789373958768453,1.2568677282233562,1.5986587108807238,1.0,0.0,0.0,0.0,0.0,0.0,0.0,1.0,0.0,1.0,0.0,0.0,0
408,-1.2795042012152194,-0.38576262339102263,0.715019022150481,1.6352976719868302,-1.2560189164866127,0.0,1.0,0.0,0.0,0.0,0.0,0.0,0.0,1.0,1.0,0.0,0.0,1
409,1.5378788412028257,0.44676638434682403,-0.037029433482099396,0.41267785367406823,-1.5601254678556418,0.0,1.0,0.0,0.0,0.0,0.0,0.0,0.0,1.0,0.0,1.0,0.0,0
410,-1.7605208182134222,2.498162824497464,-1.003948876438274,-0.839051960312807,-1.7367034654247553,0.0,1.0,0.0,0.0,0.0,0.0,0.0,1.0,0.0,0.0,1.0,0.0,0
411,-1.1420708820728755,1.4464468056764417,-0.6458305642322835,0.26712787530350135,-0.47122781617944115,1.0,0.0,0.0,0.0,0.0,0.0,1.0,0.0,0.0,1.0,0.0,0.0,0
412,-1.004637562930532,1.0857750983395769,0.6075835284886838,0.7619978017634288,-0.05921248851817611,0.0,1.0,0.0,0.0,0.0,1.0,0.0,0.0,0.0,0.0,0.0,1.0,0
413,-0.7984875842170165,-0.42128239599327166,-0.46677140812928813,-1.363031882446848,-0.05921248851817611,1.0,0.0,0.0,0.0,1.0,0.0,0.0,0.0,0.0,0.0,0.0,1.0,0
414,-1.348220860786391,-0.9166521515507692,-0.0012176022615003296,0.936657775808109,-0.9028629213483855,0.0,1.0,0.0,0.0,0.0,0.0,1.0,0.0,0.0,0.0,1.0,0.0,0
415,-1.7605208182134222,0.7553136128232669,-1.1113843701000714,0.1797978882811612,1.735997153434479,0.0,0.0,1.0,0.0,0.0,0.0,0.0,0.0,1.0,1.0,0.0,0.0,0
416,0.644562266777592,-1.134095421275529,-0.14446492714389658,1.5479676849644899,1.1179741619425811,1.0,0.0,0.0,0.0,0.0,0.0,0.0,1.0,0.0,1.0,0.0,0.0,0
417,1.6753121603451695,-0.2719433642612005,-0.8607015515558779,-0.9554919430092605,-0.05921248851817611,0.0,1.0,0.0,0.0,0.0,0.0,0.0,0.0,1.0,1.0,0.0,0.0,1
418,-1.348220860786391,-0.14829549224369143,-1.2904435262030667,1.4315277022680364,1.5299894896038464,0.0,1.0,0.0,0.0,0.0,1.0,0.0,0.0,0.0,1.0,0.0,0.0,0
419,-0.7297709246458447,1.5592500396566806,-1.2188198637618686,-0.14041206413408597,-1.0205815863944612,0.0,1.0,0.0,0.0,0.0,0.0,1.0,0.0,0.0,1.0,0.0,0.0,0
420,0.02611233063704547,-0.3881946398507694,0.14202972262089592,0.2962378709776147,-0.2946498186103276,1.0,0.0,0.0,0.0,1.0,0.0,0.0,0.0,0.0,0.0,1.0,0.0,0
421,1.5378788412028257,-2.4725705119754213,-0.39514774568809,0.5873378277187485,-0.5791365924716773,0.0,1.0,0.0,0.0,0.0,0.0,0.0,0.0,1.0,0.0,1.0,0.0,1
422,0.7132789263487638,0.4708743446757582,-0.0012176022615003296,0.2962378709776147,-0.3044597073641672,1.0,0.0,0.0,1.0,0.0,0.0,0.0,0.0,0.0,1.0,0.0,0.0,0
423,0.9194289050622793,-0.014843171960697,0.10621789140029686,1.4315277022680364,0.9708258306349866,1.0,0.0,0.0,0.0,0.0,0.0,0.0,0.0,1.0,1.0,0.0,0.0,0
424,0.3009789689217328,0.009100080081276465,-1.1113843701000714,-1.130151917053941,0.8040577218197126,1.0,0.0,0.0,0.0,1.0,0.0,0.0,0.0,0.0,1.0,0.0,0.0,0
425,-0.3174709672188137,-0.12022453387368101,-1.6485618384090572,0.8202177931116555,0.37242261665076826,0.0,1.0,0.0,0.0,0.0,0.0,0.0,0.0,1.0,1.0,0.0,0.0,0
426,-1.0733542225017039,-0.3072081584360798,-1.2188198637618686,1.6935176633350568,0.490141281696844,0.0,1.0,0.0,0.0,0.0,1.0,0.0,0.0,0.0,0.0,0.0,1.0,0
427,1.2630122029181383,0.7567462693901212,-0.10865309592329753,-0.9263819473351471,0.8531071655889109,0.0,1.0,0.0,0.0,1.0,0.0,0.0,0.0,0.0,1.0,0.0,0.0,0
428,1.0568622242046228,-1.5662627463416634,1.6819384651066556,-0.8099419646386936,-1.0892508076713387,1.0,0.0,0.0,0.0,0.0,1.0,0.0,0.0,0.0,0.0,1.0,0.0,0
429,-1.6918041586422503,-0.5504981302711826,-0.8607015515558779,-0.053082077111745826,-0.33388937362568616,1.0,0.0,0.0,1.0,0.0,0.0,0.0,0.0,0.0,0.0,1.0,0.0,0
430,0.7819955859199356,0.6504524846733145,-0.0012176022615003296,0.8202177931116555,-1.3639276927788488,1.0,0.0,0.0,0.0,1.0,0.0,0.0,0.0,0.0,0.0,0.0,1.0,0
431,-1.4856541799287348,-0.6475604737983891,-0.8248897203352787,1.6352976719868302,0.7746280555581937,0.0,1.0,0.0,0.0,1.0,0.0,0.0,0.0,0.0,0.0,0.0,1.0,0
432,0.8507122454911075,-1.6421979884533664,-0.4309595769086891,1.0530977585045624,-0.1867410423180915,0.0,1.0,0.0,1.0,0.0,0.0,0.0,0.0,0.0,0.0,0.0,1.0,0
433,1.1255788837757947,2.7768961865083175,0.8582663470328772,1.0530977585045624,0.5293808367122026,0.0,1.0,0.0,0.0,1.0,0.0,0.0,0.0,0.0,1.0,0.0,0.0,0
434,0.02611233063704547,1.0894720077821562,-0.5742069017910854,-0.16952205980819934,0.2743237291123718,1.0,0.0,0.0,0.0,0.0,0.0,0.0,1.0,0.0,1.0,0.0,0.0,0
435,-0.24875430764764184,-0.07851861798780149,0.6433953597092829,0.5291178363705217,-0.7753343675484702,1.0,0.0,0.0,0.0,1.0,0.0,0.0,0.0,0.0,0.0,0.0,1.0,0
436,-1.348220860786391,-1.9942070953623452,1.4670674777830612,-0.9554919430092605,-1.2560189164866127,0.0,1.0,0.0,0.0,0.0,0.0,0.0,0.0,1.0,1.0,0.0,0.0,0
437,0.23226230935056097,0.6723828514613164,1.6461266338860565,-0.0821920727858592,1.735997153434479,1.0,0.0,0.0,0.0,1.0,0.0,0.0,0.0,0.0,0.0,1.0,0.0,0
438,1.5378788412028257,-1.693274778176492,0.2852770475032922,-1.0428219300316006,-0.696855257517753,0.0,1.0,0.0,0.0,0.0,0.0,0.0,0.0,1.0,1.0,0.0,0.0,0
439,-1.4856541799287348,0.2752458959592767,0.8224545158122781,-1.595911847839755,-1.3639276927788488,1.0,0.0,0.0,0.0,0.0,1.0,0.0,0.0,0.0,1.0,0.0,0.0,0
440,-0.3861876267899855,-0.9209162352293927,1.5386911402242593,1.2568677282233562,-0.6576157025023944,0.0,1.0,0.0,1.0,0.0,0.0,0.0,0.0,0.0,1.0,0.0,0.0,0
441,1.6753121603451695,-1.1932687482076094,1.0731373343564716,1.0822077541786759,1.480940045834648,0.0,1.0,0.0,0.0,0.0,1.0,0.0,0.0,0.0,0.0,1.0,0.0,0
442,-0.7297709246458447,-0.4754000395539146,-0.6458305642322835,0.06335790558470769,-0.8145739225638288,1.0,0.0,0.0,0.0,0.0,0.0,1.0,0.0,0.0,1.0,0.0,0.0,0
443,-1.348220860786391,-0.21680969555097412,-1.2188198637618686,-1.6541318391879816,1.785046597203677,0.0,1.0,0.0,0.0,0.0,0.0,0.0,1.0,0.0,1.0,0.0,0.0,0
444,-0.042604328934126356,-0.67768125874137,-1.2904435262030667,-1.3921418781209611,-0.09845204353353469,0.0,1.0,0.0,0.0,1.0,0.0,0.0,0.0,0.0,1.0,0.0,0.0,1
445,0.02611233063704547,0.555126105384735,1.4312556465624622,-1.304811891098621,1.3337917145270535,0.0,1.0,0.0,0.0,0.0,1.0,0.0,0.0,0.0,0.0,0.0,1.0,0
446,0.5758456072064201,-0.47955913211538603,0.2852770475032922,0.7911077974375421,0.5882401692352405,0.0,1.0,0.0,1.0,0.0,0.0,0.0,0.0,0.0,0.0,1.0,0.0,0
447,-0.6610542650746728,0.9465807638637622,-0.6458305642322835,-0.9846019386833739,-1.5895551341171608,1.0,0.0,0.0,0.0,1.0,0.0,0.0,0.0,0.0,1.0,0.0,0.0,1
448,1.6065955007739976,-0.014843171960697,-0.46677140812928813,-0.839051960312807,0.06831606528173927,0.0,1.0,0.0,0.0,0.0,0.0,0.0,0.0,1.0,0.0,1.0,0.0,0
449,0.0948289902082173,-0.7310256343915592,-0.7174542266734816,1.2859777238974694,-0.255410263594969,1.0,0.0,0.0,0.0,0.0,0.0,0.0,0.0,1.0,1.0,0.0,0.0,0
450,-0.7984875842170165,-0.8993941672303166,1.1447609967976697,1.3441977152456963,-1.030391475148301,0.0,1.0,0.0,0.0,0.0,0.0,0.0,1.0,0.0,0.0,0.0,1.0,0
451,0.02611233063704547,-1.6808841598268702,0.4643362036062875,0.936657775808109,-0.05921248851817611,1.0,0.0,0.0,0.0,1.0,0.0,0.0,0.0,0.0,1.0,0.0,0.0,1
452,1.5378788412028257,0.2571813132149884,1.4312556465624622,-0.6352819905940134,-1.383547470286528,0.0,1.0,0.0,0.0,0.0,0.0,1.0,0.0,0.0,1.0,0.0,0.0,1
453,-0.042604328934126356,-0.38808520466516633,-0.6458305642322835,0.3253478666517281,0.7451983892966747,0.0,1.0,0.0,0.0,0.0,0.0,0.0,1.0,0.0,0.0,0.0,1.0,0
454,-1.6918041586422503,-0.014843171960697,-0.037029433482099396,-1.0137119343574872,1.1866433832194587,0.0,1.0,0.0,0.0,0.0,0.0,0.0,1.0,0.0,0.0,0.0,1.0,1
455,0.3696956284929046,-0.5691971037868344,-1.2546316949824676,1.2859777238974694,-0.05921248851817611,1.0,0.0,0.0,1.0,0.0,0.0,0.0,0.0,0.0,1.0,0.0,0.0,0
456,0.16354564977938912,-0.9344850872270553,1.7535621275478537,-1.3921418781209611,-0.03959271101049682,1.0,0.0,0.0,0.0,0.0,1.0,0.0,0.0,0.0,1.0,0.0,0.0,0
457,-1.2795042012152194,1.5420170532212643,0.10621789140029686,0.8784377844598823,0.5980500579890801,1.0,0.0,0.0,1.0,0.0,0.0,0.0,0.0,0.0,0.0,1.0,0.0,0
458,0.43841228806407645,-1.7361622607617506,0.2494652162826931,0.06335790558470769,-1.5306958015941228,1.0,0.0,0.0,0.0,0.0,0.0,1.0,0.0,0.0,1.0,0.0,0.0,0
459,1.1942955433469666,-1.4747560438866183,-0.25190042080569375,0.936657775808109,-0.35350915113336545,1.0,0.0,0.0,0.0,1.0,0.0,0.0,0.0,0.0,0.0,0.0,1.0,0
460,-1.416937520357563,1.0763481181381387,-0.7532660578940806,-0.14041206413408597,-0.8243838113176684,1.0,0.0,0.0,0.0,0.0,0.0,0.0,1.0,0.0,0.0,0.0,1.0,1
461,0.7819955859199356,1.3231211286216222,1.6461266338860565,-1.1592619127280541,-1.60917491162484,1.0,0.0,0.0,0.0,0.0,0.0,0.0,1.0,0.0,1.0,0.0,0.0,0
462,-1.2795042012152194,-0.7784471778138325,0.034594228959098736,0.9075477801339956,1.127784050696421,0.0,1.0,0.0,0.0,0.0,1.0,0.0,0.0,0.0,0.0,1.0,0.0,0
463,0.8507122454911075,-0.6655595065330269,0.6792071909298819,0.5000078406964084,-0.15731137605657255,0.0,1.0,0.0,0.0,0.0,1.0,0.0,0.0,0.0,1.0,0.0,0.0,0
464,-0.3174709672188137,0.5826559984208504,-1.5769381759678591,-0.0821920727858592,0.9413961643734676,0.0,1.0,0.0,0.0,0.0,0.0,1.0,0.0,0.0,0.0,0.0,1.0,0
465,-1.7605208182134222,-2.360430555211477,-0.7174542266734816,-0.40240202520110635,0.35280283914308896,1.0,0.0,0.0,0.0,0.0,0.0,0.0,1.0,0.0,1.0,0.0,0.0,0
466,1.6753121603451695,-1.8945638590822873,1.1447609967976697,-0.5188420078975599,1.3828411582962516,1.0,0.0,0.0,1.0,0.0,0.0,0.0,0.0,0.0,1.0,0.0,0.0,1
467,-1.2107875416440474,-0.31423700819970957,-1.3978790198648638,-0.023972081437632447,1.814476263465196,1.0,0.0,0.0,0.0,0.0,0.0,0.0,0.0,1.0,0.0,0.0,1.0,0
468,0.3009789689217328,1.5162320125606774,-1.3262553574236657,-0.7808319689645803,0.4018522829122872,0.0,1.0,0.0,0.0,1.0,0.0,0.0,0.0,0.0,0.0,0.0,1.0,0
469,-1.1420708820728755,-0.4692205623729601,1.1805728280182688,-0.7226119776163535,-0.49084759368712044,1.0,0.0,0.0,0.0,0.0,0.0,0.0,0.0,1.0,0.0,1.0,0.0,0
470,1.5378788412028257,0.06740070307131436,-0.6100187330116844,-0.7226119776163535,-0.2357904860872897,0.0,1.0,0.0,0.0,0.0,1.0,0.0,0.0,0.0,0.0,1.0,0.0,1
471,0.8507122454911075,1.1001661030006535,-0.7174542266734816,-1.6541318391879816,1.2062631607271381,0.0,1.0,0.0,0.0,1.0,0.0,0.0,0.0,0.0,1.0,0.0,0.0,1
472,1.0568622242046228,2.0731793360821835,0.2852770475032922,1.5188576892903767,-0.22598059733345005,0.0,1.0,0.0,1.0,0.0,0.0,0.0,0.0,0.0,1.0,0.0,0.0,0
473,-0.24875430764764184,-0.6103269572997679,-1.003948876438274,-0.8681619559869204,0.10755562029709785,0.0,1.0,0.0,1.0,0.0,0.0,0.0,0.0,0.0,1.0,0.0,0.0,0
474,-0.11132098850529819,-0.05036266680866757,-1.54112634474726,-1.130151917053941,-1.0598211414098198,1.0,0.0,0.0,0.0,0.0,1.0,0.0,0.0,0.0,1.0,0.0,0.0,0
475,0.43841228806407645,1.7883734322874774,-1.6843736696296563,-1.1883719084021676,1.7948564859575167,0.0,1.0,0.0,0.0,1.0,0.0,0.0,0.0,0.0,1.0,0.0,0.0,1
476,0.988145564633451,-1.555598093076654,-0.0012176022615003296,1.7226276590091703,0.5784302804814008,1.0,0.0,0.0,0.0,1.0,0.0,0.0,0.0,0.0,0.0,1.0,0.0,1
477,1.2630122029181383,0.9939667547384287,-1.1471962013206705,-0.053082077111745826,-0.5693267037178377,0.0,1.0,0.0,0.0,0.0,0.0,0.0,0.0,1.0,0.0,0.0,1.0,1
478,-1.7605208182134222,-1.0517568320346582,0.75083085337108,-0.5770619992457866,0.3429929503892493,0.0,1.0,0.0,0.0,0.0,0.0,0.0,0.0,1.0,1.0,0.0,0.0,0
479,0.5758456072064201,0.06893612872109484,-0.0012176022615003296,-0.28596204250465285,-0.31426959611800687,1.0,0.0,0.0,0.0,0.0,0.0,0.0,1.0,0.0,1.0,0.0,0.0,0
480,-1.416937520357563,-0.276125788182039,-1.433690851085463,-1.3921418781209611,-1.197159583963575,0.0,1.0,0.0,1.0,0.0,0.0,0.0,0.0,0.0,0.0,0.0,1.0,0
481,-0.7984875842170165,-0.9914580447673913,-1.6485618384090572,-0.6061719949199,1.3828411582962516,0.0,0.0,1.0,1.0,0.0,0.0,0.0,0.0,0.0,1.0,0.0,0.0,0
482,1.1942955433469666,-1.016545922189746,-0.0012176022615003296,-0.839051960312807,1.4220807133116102,1.0,0.0,0.0,0.0,1.0,0.0,0.0,0.0,0.0,1.0,0.0,0.0,0
483,-0.8672042437881883,0.24286363568335212,1.288008321680066,1.0822077541786759,1.235692826988657,1.0,0.0,0.0,1.0,0.0,0.0,0.0,0.0,0.0,1.0,0.0,0.0,0
484,0.02611233063704547,0.961927798750335,-0.0012176022615003296,-1.5085818608174146,-0.4319882611640826,0.0,1.0,0.0,0.0,1.0,0.0,0.0,0.0,0.0,1.0,0.0,0.0,0
485,-0.11132098850529819,-0.16325256012369876,-1.469502682306062,-0.2277420511564261,-0.8341937000715081,0.0,1.0,0.0,0.0,0.0,0.0,0.0,1.0,0.0,1.0,0.0,0.0,1
486,-0.9359209033593602,0.036579977347319305,-0.896513382776477,1.0530977585045624,-1.5699353566094814,0.0,1.0,0.0,0.0,0.0,0.0,1.0,0.0,0.0,0.0,0.0,1.0,1
487,-0.592337605503501,0.5375981439058911,0.07040606017969779,1.1986477368751294,0.8727269430965902,0.0,1.0,0.0,0.0,0.0,0.0,0.0,1.0,0.0,1.0,0.0,0.0,1
488,0.0948289902082173,-1.00506411583833,-1.039760707658873,0.06335790558470769,-0.5791365924716773,0.0,1.0,0.0,0.0,0.0,1.0,0.0,0.0,0.0,0.0,0.0,1.0,1
489,0.9194289050622793,0.7061027763409568,1.7535621275478537,-0.9263819473351471,1.4417004908192894,0.0,1.0,0.0,0.0,1.0,0.0,0.0,0.0,0.0,0.0,0.0,1.0,0
490,0.02611233063704547,0.7857465935749222,1.0015136719152735,-0.5188420078975599,1.3632213807885722,1.0,0.0,0.0,1.0,0.0,0.0,0.0,0.0,0.0,0.0,1.0,0.0,0
491,0.02611233063704547,2.5698784236150525,-0.46677140812928813,-0.9263819473351471,-1.2952584715019713,1.0,0.0,0.0,0.0,0.0,0.0,1.0,0.0,0.0,1.0,0.0,0.0,0
492,1.3317288624893102,-0.4096000510530095,-0.0012176022615003296,0.5873378277187485,1.5299894896038464,1.0,0.0,0.0,0.0,0.0,0.0,0.0,0.0,1.0,1.0,0.0,0.0,0
493,0.02611233063704547,-0.49157033812101353,-0.5383950705704863,-0.6935019819422401,-1.246209027732773,0.0,1.0,0.0,0.0,0.0,0.0,0.0,1.0,0.0,1.0,0.0,0.0,0
494,0.3696956284929046,0.7353736331927058,-1.2188198637618686,0.5000078406964084,-0.0003531559951382406,0.0,1.0,0.0,1.0,0.0,0.0,0.0,0.0,0.0,1.0,0.0,0.0,0
495,-0.7297709246458447,0.7855077248956878,1.6103148026654575,0.5873378277187485,-0.05921248851817611,1.0,0.0,0.0,0.0,0.0,1.0,0.0,0.0,0.0,1.0,0.0,0.0,1
496,-0.3174709672188137,-0.5685693791181469,1.7177502963272546,1.5479676849644899,1.677137820911441,0.0,1.0,0.0,0.0,1.0,0.0,0.0,0.0,0.0,0.0,0.0,1.0,0
497,-1.348220860786391,-0.4366560952905494,-0.6100187330116844,-0.40240202520110635,0.5980500579890801,1.0,0.0,0.0,0.0,0.0,0.0,1.0,0.0,0.0,1.0,0.0,0.0,1
498,-0.4549042863611573,0.5075579077035823,0.39271254116508936,1.6352976719868302,1.3828411582962516,0.0,1.0,0.0,0.0,0.0,0.0,0.0,1.0,0.0,1.0,0.0,0.0,1
499,1.5378788412028257,-0.8610418564991853,-1.0755725388794721,-0.3150720381787662,0.3822325054046079,0.0,0.0,1.0,0.0,0.0,0.0,1.0,0.0,0.0,1.0,0.0,0.0,1
500,-0.24875430764764184,-0.44402658281634094,0.5717716972680846,0.6746678147410886,-0.05921248851817611,0.0,1.0,0.0,0.0,0.0,0.0,0.0,1.0,0.0,0.0,0.0,1.0,0
501,-1.416937520357563,0.05605777385898852,0.75083085337108,0.5873378277187485,1.3043620482655345,0.0,1.0,0.0,0.0,0.0,0.0,1.0,0.0,0.0,0.0,1.0,0.0,1
502,0.5071289476352483,0.9623272094023575,0.8224545158122781,1.1404277455269027,1.3239818257732137,0.0,1.0,0.0,0.0,0.0,0.0,0.0,0.0,1.0,0.0,0.0,1.0,1
503,1.6753121603451695,-0.638075165198533,0.32108887872389125,-0.0821920727858592,-0.2750300411026483,0.0,1.0,0.0,0.0,1.0,0.0,0.0,0.0,0.0,0.0,0.0,1.0,1
504,1.3317288624893102,-1.8757560058895888,0.7866426845916791,1.0530977585045624,-0.3829388173948844,0.0,1.0,0.0,0.0,1.0,0.0,0.0,0.0,0.0,0.0,0.0,1.0,0
505,-0.7984875842170165,-1.9499625053738978,0.2494652162826931,-0.4606220165493331,1.7752367084498375,0.0,1.0,0.0,0.0,0.0,0.0,1.0,0.0,0.0,0.0,0.0,1.0,0
506,-0.18003764807647002,-1.2928342132897768,1.2163846592388678,0.00513791423648093,0.9610159418811469,0.0,1.0,0.0,0.0,0.0,1.0,0.0,0.0,0.0,1.0,0.0,0.0,1
507,0.0948289902082173,-1.346584110186109,-1.0755725388794721,0.03424790991059431,1.5299894896038464,1.0,0.0,0.0,0.0,0.0,1.0,0.0,0.0,0.0,0.0,0.0,1.0,0
508,-0.9359209033593602,-0.18812490022618514,-0.0012176022615003296,0.7328878060893154,0.3135632841277304,0.0,1.0,0.0,1.0,0.0,0.0,0.0,0.0,0.0,0.0,0.0,1.0,0
509,-0.8672042437881883,-1.2223068469742433,-0.21608858958509472,0.4417878493481816,1.5790389333730446,1.0,0.0,0.0,0.0,0.0,0.0,1.0,0.0,0.0,1.0,0.0,0.0,0
510,0.02611233063704547,-0.7362229724448681,0.177841553841495,-1.4212518737950746,-0.05921248851817611,0.0,1.0,0.0,0.0,0.0,0.0,0.0,1.0,0.0,0.0,0.0,1.0,0
511,1.7440288199163412,-0.8075480490473355,-1.1830080325412695,1.1113177498527893,0.9119664981119487,1.0,0.0,0.0,0.0,1.0,0.0,0.0,0.0,0.0,1.0,0.0,0.0,0
512,0.8507122454911075,-0.4739979359576607,-0.5383950705704863,0.936657775808109,-1.1186804739328577,1.0,0.0,0.0,0.0,0.0,0.0,0.0,0.0,1.0,0.0,0.0,1.0,1
513,1.1942955433469666,1.2888651379850935,1.6819384651066556,-1.3339218867727345,0.2743237291123718,0.0,1.0,0.0,0.0,0.0,0.0,1.0,0.0,0.0,1.0,0.0,0.0,1
514,1.1255788837757947,0.6283643534553073,-1.3262553574236657,1.6352976719868302,0.8629170543427505,1.0,0.0,0.0,0.0,0.0,0.0,1.0,0.0,0.0,0.0,0.0,1.0,1
515,1.6065955007739976,-0.01739934458278996,0.5359598660474856,0.5873378277187485,0.9708258306349866,0.0,1.0,0.0,0.0,1.0,0.0,0.0,0.0,0.0,0.0,1.0,0.0,0
516,-1.416937520357563,-0.49451453346972435,0.6433953597092829,-1.3921418781209611,1.677137820911441,0.0,1.0,0.0,0.0,0.0,1.0,0.0,0.0,0.0,1.0,0.0,0.0,0
517,1.3317288624893102,-0.4667235514121197,-0.037029433482099396,0.00513791423648093,-0.5791365924716773,1.0,0.0,0.0,0.0,1.0,0.0,0.0,0.0,0.0,1.0,0.0,0.0,0
518,-1.5543708394999067,0.29419151527395276,-1.5769381759678591,1.1986477368751294,-0.667425591256234,1.0,0.0,0.0,0.0,0.0,1.0,0.0,0.0,0.0,1.0,0.0,0.0,0
519,-0.11132098850529819,0.5505920445477197,-1.5769381759678591,-0.7226119776163535,1.7163773759267995,0.0,1.0,0.0,1.0,0.0,0.0,0.0,0.0,0.0,1.0,0.0,0.0,0
520,0.3009789689217328,-0.9410684191284839,-0.7174542266734816,1.5479676849644899,1.7752367084498375,0.0,1.0,0.0,0.0,0.0,1.0,0.0,0.0,0.0,1.0,0.0,0.0,1
521,-0.5236209459323292,0.002950044853809056,-0.0012176022615003296,-0.25685204683053947,-1.1088705851790182,1.0,0.0,0.0,1.0,0.0,0.0,0.0,0.0,0.0,1.0,0.0,0.0,1
522,-1.2795042012152194,-2.0649749968827824,-1.3620671886442648,-0.9263819473351471,-0.39274870614872404,1.0,0.0,0.0,0.0,1.0,0.0,0.0,0.0,0.0,1.0,0.0,0.0,0
523,-1.1420708820728755,-0.014843171960697,-1.1471962013206705,-0.4606220165493331,1.647708154649922,0.0,0.0,1.0,1.0,0.0,0.0,0.0,0.0,0.0,1.0,0.0,0.0,0
524,0.02611233063704547,0.7285575432061623,-1.039760707658873,0.12157789693293444,-1.0402013639021406,1.0,0.0,0.0,0.0,1.0,0.0,0.0,0.0,0.0,0.0,1.0,0.0,0
525,-0.6610542650746728,-0.014843171960697,1.288008321680066,0.6746678147410886,1.0493049406657038,1.0,0.0,0.0,0.0,1.0,0.0,0.0,0.0,0.0,1.0,0.0,0.0,0
526,-0.6610542650746728,1.78284612215169,0.5717716972680846,1.5188576892903767,-1.3541178040250093,0.0,1.0,0.0,0.0,1.0,0.0,0.0,0.0,0.0,0.0,0.0,1.0,0
527,1.5378788412028257,-0.9146912063468167,-1.5769381759678591,-1.0137119343574872,-1.1088705851790182,1.0,0.0,0.0,0.0,0.0,0.0,1.0,0.0,0.0,1.0,0.0,0.0,0
528,-1.2795042012152194,0.18389473590001257,0.5359598660474856,1.6352976719868302,1.0591148294195434,0.0,1.0,0.0,0.0,0.0,0.0,1.0,0.0,0.0,1.0,0.0,0.0,0
529,1.469162181631654,-0.06934939375651426,-1.2188198637618686,0.12157789693293444,0.4214720604199665,1.0,0.0,0.0,0.0,1.0,0.0,0.0,0.0,0.0,0.0,0.0,1.0,0
530,1.469162181631654,-0.13381671723071054,-0.21608858958509472,-1.2465918997503944,0.23508417409701324,0.0,1.0,0.0,0.0,0.0,0.0,1.0,0.0,0.0,1.0,0.0,0.0,1
531,0.3696956284929046,-0.14783997522747597,-1.5769381759678591,1.5188576892903767,1.314171937019374,1.0,0.0,0.0,0.0,0.0,0.0,0.0,1.0,0.0,0.0,0.0,1.0,0
532,-1.2107875416440474,0.07356851457258529,-1.3978790198648638,-0.4897320122234465,-0.6478058137485547,0.0,1.0,0.0,0.0,0.0,0.0,1.0,0.0,0.0,1.0,0.0,0.0,0
533,-1.2107875416440474,0.8143597282959406,-1.2188198637618686,0.4417878493481816,0.04869628777405998,1.0,0.0,0.0,0.0,0.0,0.0,1.0,0.0,0.0,0.0,0.0,1.0,0
534,-0.7984875842170165,1.3440921321327883,-0.18027675836449564,0.7328878060893154,0.43128194917380613,1.0,0.0,0.0,0.0,0.0,1.0,0.0,0.0,0.0,0.0,0.0,1.0,0
535,0.3009789689217328,-0.03577723415286556,-0.07284126470269846,-1.6541318391879816,0.902156609358109,0.0,1.0,0.0,0.0,0.0,0.0,1.0,0.0,0.0,0.0,0.0,1.0,0
536,-1.2795042012152194,0.7817197120498652,-0.46677140812928813,-0.9263819473351471,-0.559516814963998,0.0,1.0,0.0,0.0,0.0,0.0,1.0,0.0,0.0,1.0,0.0,0.0,1
537,-0.18003764807647002,-0.7352352782316592,0.5001480348268865,3.338232418922463,0.5195709479583629,0.0,1.0,0.0,0.0,0.0,0.0,1.0,0.0,0.0,0.0,0.0,1.0,1
538,-1.348220860786391,0.732363332325788,-0.0012176022615003296,-0.5770619992457866,-0.1475014873027329,0.0,1.0,0.0,0.0,0.0,0.0,1.0,0.0,0.0,0.0,1.0,0.0,0
539,0.16354564977938912,-0.7954546277753665,0.8940781782534762,-1.6541318391879816,0.186034730327815,0.0,1.0,0.0,0.0,0.0,0.0,0.0,0.0,1.0,1.0,0.0,0.0,0
540,-1.6918041586422503,1.057040307244716,0.3569007099444903,-1.6250218435138681,1.3337917145270535,0.0,1.0,0.0,0.0,1.0,0.0,0.0,0.0,0.0,1.0,0.0,0.0,0
541,0.7132789263487638,2.176926669576633,-0.0012176022615003296,1.169537741201016,-0.05921248851817611,0.0,1.0,0.0,1.0,0.0,0.0,0.0,0.0,0.0,0.0,1.0,0.0,0
542,-1.6230874990710784,-0.15560098526838892,0.034594228959098736,-1.1592619127280541,0.6372896130044386,1.0,0.0,0.0,0.0,0.0,0.0,0.0,0.0,1.0,1.0,0.0,0.0,0
543,-1.0733542225017039,-2.2258852718438433,-0.8607015515558779,-1.363031882446848,1.6182784883884032,1.0,0.0,0.0,0.0,0.0,0.0,1.0,0.0,0.0,0.0,0.0,1.0,1
544,-1.1420708820728755,-0.5815538361145178,0.034594228959098736,0.23801787962938795,0.9806357193888262,1.0,0.0,0.0,1.0,0.0,0.0,0.0,0.0,0.0,0.0,0.0,1.0,0
545,1.1942955433469666,1.1982433606603307,-0.0012176022615003296,-1.2757018954245076,1.785046597203677,0.0,1.0,0.0,0.0,0.0,0.0,1.0,0.0,0.0,1.0,0.0,0.0,0
546,-1.6230874990710784,0.5195024526824468,-0.0012176022615003296,0.5582278320446351,0.33318306163540967,0.0,1.0,0.0,0.0,0.0,0.0,0.0,0.0,1.0,0.0,0.0,1.0,0
547,-0.24875430764764184,0.2153648511263932,-0.39514774568809,0.1797978882811612,-0.7459047012869512,0.0,1.0,0.0,0.0,0.0,0.0,0.0,1.0,0.0,0.0,0.0,1.0,0
548,0.3009789689217328,0.9750555769542466,0.9657018406946744,0.5582278320446351,1.7948564859575167,1.0,0.0,0.0,0.0,0.0,1.0,0.0,0.0,0.0,1.0,0.0,0.0,1
549,0.02611233063704547,0.450884924783681,1.6819384651066556,0.00513791423648093,-0.05921248851817611,1.0,0.0,0.0,0.0,1.0,0.0,0.0,0.0,0.0,0.0,1.0,0.0,0
550,0.644562266777592,1.184094557729828,0.07040606017969779,0.9948777671563358,-0.8832431438407062,0.0,1.0,0.0,0.0,0.0,0.0,0.0,0.0,1.0,1.0,0.0,0.0,0
551,1.0568622242046228,0.885818682460491,1.359631984121264,0.5291178363705217,-0.6183761474870358,1.0,0.0,0.0,0.0,0.0,0.0,0.0,1.0,0.0,1.0,0.0,0.0,0
552,-0.3861876267899855,1.4880443973938315,-0.0012176022615003296,-0.25685204683053947,-0.8145739225638288,0.0,1.0,0.0,0.0,0.0,0.0,0.0,0.0,1.0,0.0,1.0,0.0,1
553,1.1942955433469666,0.32523833298038657,-1.2188198637618686,-1.6541318391879816,1.235692826988657,0.0,1.0,0.0,0.0,0.0,1.0,0.0,0.0,0.0,1.0,0.0,0.0,0
554,-0.6610542650746728,-0.014843171960697,-1.6127500071884582,-0.7517219732904669,-1.4227870253018866,0.0,1.0,0.0,1.0,0.0,0.0,0.0,0.0,0.0,0.0,1.0,0.0,0
555,1.7440288199163412,-0.3406286642038423,-1.2188198637618686,-1.2465918997503944,0.902156609358109,0.0,1.0,0.0,0.0,0.0,0.0,0.0,1.0,0.0,1.0,0.0,0.0,0
556,0.02611233063704547,-0.6349370973636524,1.6461266338860565,-1.6541318391879816,0.23508417409701324,1.0,0.0,0.0,0.0,0.0,0.0,0.0,1.0,0.0,1.0,0.0,0.0,0
557,0.8507122454911075,1.6730959631972089,-0.0012176022615003296,-0.7517219732904669,-1.4914562465787642,1.0,0.0,0.0,1.0,0.0,0.0,0.0,0.0,0.0,1.0,0.0,0.0,1
558,1.3317288624893102,0.18265872936211036,-0.5742069017910854,-0.9846019386833739,0.4410918379276458,0.0,1.0,0.0,0.0,0.0,0.0,0.0,1.0,0.0,0.0,0.0,1.0,0
559,1.0568622242046228,0.7712850393271892,-0.10865309592329753,-1.4212518737950746,0.9413961643734676,1.0,0.0,0.0,0.0,1.0,0.0,0.0,0.0,0.0,0.0,0.0,1.0,0
560,1.2630122029181383,0.09020210727568874,-0.7890778891146797,-0.6061719949199,0.8432972768350712,0.0,1.0,0.0,0.0,0.0,0.0,0.0,1.0,0.0,1.0,0.0,0.0,0
561,0.0948289902082173,-0.6199933616889977,-0.0012176022615003296,0.06335790558470769,0.13698528655861678,1.0,0.0,0.0,0.0,0.0,0.0,1.0,0.0,0.0,0.0,1.0,0.0,0
562,-1.6230874990710784,-0.0225455758489139,1.825185789989052,-1.071931925705714,-0.5497069262101584,1.0,0.0,0.0,0.0,1.0,0.0,0.0,0.0,0.0,0.0,0.0,1.0,0
563,0.02611233063704547,1.4023449813869793,-1.3978790198648638,-0.7517219732904669,-1.167729917702056,0.0,1.0,0.0,0.0,0.0,0.0,0.0,1.0,0.0,0.0,0.0,1.0,1
564,-1.1420708820728755,0.5216656030009148,0.8582663470328772,-1.6250218435138681,-1.7072737991632363,1.0,0.0,0.0,0.0,1.0,0.0,0.0,0.0,0.0,0.0,0.0,1.0,0
565,1.4004455220604821,-1.7448559696687929,-0.5025832393498872,-1.537691856491528,-0.46141792742560156,0.0,1.0,0.0,1.0,0.0,0.0,0.0,0.0,0.0,0.0,1.0,0.0,0
566,-0.9359209033593602,-0.24875365957593024,-1.54112634474726,-1.1592619127280541,0.5097610592045233,0.0,0.0,1.0,0.0,1.0,0.0,0.0,0.0,0.0,1.0,0.0,0.0,0
567,-1.004637562930532,1.7486156849087533,1.5745029714448584,-0.14041206413408597,-1.6189848003786795,0.0,1.0,0.0,0.0,0.0,0.0,0.0,1.0,0.0,1.0,0.0,0.0,0
568,-0.9359209033593602,-0.2473060042780544,-1.469502682306062,0.6164478233928619,1.8242861522190357,0.0,1.0,0.0,0.0,0.0,0.0,1.0,0.0,0.0,1.0,0.0,0.0,0
569,0.5071289476352483,-1.833853995483314,-0.9681370452176751,1.0239877628304492,0.3429929503892493,0.0,1.0,0.0,1.0,0.0,0.0,0.0,0.0,0.0,1.0,0.0,0.0,0
570,0.23226230935056097,1.8593613151962334,-1.6127500071884582,0.470897845022295,-0.696855257517753,0.0,1.0,0.0,0.0,1.0,0.0,0.0,0.0,0.0,1.0,0.0,0.0,0
571,0.02611233063704547,2.7768961865083175,-0.037029433482099396,0.4417878493481816,1.6967575984191203,1.0,0.0,0.0,1.0,0.0,0.0,0.0,0.0,0.0,1.0,0.0,0.0,0
572,-0.3174709672188137,-0.10353427929782898,0.4285243723856884,1.5479676849644899,-1.0892508076713387,1.0,0.0,0.0,0.0,0.0,1.0,0.0,0.0,0.0,1.0,0.0,0.0,1
573,-0.7984875842170165,-0.404913780871552,-0.5742069017910854,-0.8099419646386936,1.677137820911441,0.0,1.0,0.0,1.0,0.0,0.0,0.0,0.0,0.0,0.0,1.0,0.0,0
574,-1.6230874990710784,1.0487326767843441,-1.433690851085463,1.0530977585045624,-0.05921248851817611,1.0,0.0,0.0,0.0,1.0,0.0,0.0,0.0,0.0,1.0,0.0,0.0,0
575,-1.7605208182134222,-0.57546490682825,-1.2904435262030667,1.5479676849644899,-0.39274870614872404,1.0,0.0,0.0,0.0,0.0,1.0,0.0,0.0,0.0,1.0,0.0,0.0,0
576,-0.4549042863611573,1.1146321013168374,1.6103148026654575,0.26712787530350135,-0.22598059733345005,0.0,1.0,0.0,1.0,0.0,0.0,0.0,0.0,0.0,1.0,0.0,0.0,0
577,1.5378788412028257,0.5086222620975693,1.1447609967976697,1.2277577325492428,-0.05921248851817611,1.0,0.0,0.0,0.0,0.0,0.0,0.0,0.0,1.0,1.0,0.0,0.0,0
578,0.0948289902082173,0.21113354245259472,1.6103148026654575,-1.217481904076281,-0.8538134775791874,1.0,0.0,0.0,0.0,0.0,1.0,0.0,0.0,0.0,0.0,0.0,1.0,0
579,1.4004455220604821,0.11197526514223964,0.177841553841495,1.3441977152456963,-0.05921248851817611,1.0,0.0,0.0,0.0,1.0,0.0,0.0,0.0,0.0,0.0,1.0,0.0,0
580,-1.416937520357563,-0.20848040025690417,0.2494652162826931,0.26712787530350135,-0.5104673711947998,0.0,1.0,0.0,0.0,0.0,0.0,1.0,0.0,0.0,0.0,1.0,0.0,1
581,-1.4856541799287348,1.012024115871484,-0.0012176022615003296,-0.9263819473351471,-0.7262849237792719,0.0,1.0,0.0,0.0,0.0,1.0,0.0,0.0,0.0,1.0,0.0,0.0,1
582,1.1942955433469666,-0.014843171960697,0.5001480348268865,-1.4794718651433014,0.5293808367122026,1.0,0.0,0.0,1.0,0.0,0.0,0.0,0.0,0.0,0.0,0.0,1.0,0
583,-1.416937520357563,-1.6553152119947079,-0.14446492714389658,0.7911077974375421,0.7353885005428351,1.0,0.0,0.0,0.0,1.0,0.0,0.0,0.0,0.0,1.0,0.0,0.0,1
584,-1.6230874990710784,0.5808605947666927,-0.6816423954528825,-0.19863205548231272,-0.5202772599486394,1.0,0.0,0.0,0.0,1.0,0.0,0.0,0.0,0.0,0.0,1.0,0.0,1
585,-0.3174709672188137,0.5976575069853658,0.034594228959098736,-0.6352819905940134,-1.275638693994292,0.0,0.0,1.0,1.0,0.0,0.0,0.0,0.0,0.0,1.0,0.0,0.0,0
586,1.5378788412028257,0.44667305890935505,-1.469502682306062,-0.3441820338528796,-0.33388937362568616,1.0,0.0,0.0,0.0,1.0,0.0,0.0,0.0,0.0,1.0,0.0,0.0,0
587,0.644562266777592,-0.014843171960697,-1.003948876438274,1.7226276590091703,0.186034730327815,1.0,0.0,0.0,0.0,0.0,0.0,0.0,1.0,0.0,0.0,1.0,0.0,0
588,-1.416937520357563,-0.35404086278861113,0.9298900094740753,-0.2277420511564261,-1.60917491162484,1.0,0.0,0.0,1.0,0.0,0.0,0.0,0.0,0.0,0.0,1.0,0.0,0
589,1.1942955433469666,0.7538887333762025,1.359631984121264,-1.4212518737950746,-1.471836469071085,1.0,0.0,0.0,0.0,1.0,0.0,0.0,0.0,0.0,1.0,0.0,0.0,0
590,1.1942955433469666,-0.07908190366395104,-1.3262553574236657,-0.7226119776163535,1.539799378357686,0.0,1.0,0.0,0.0,0.0,1.0,0.0,0.0,0.0,0.0,0.0,1.0,0
591,1.0568622242046228,-0.5205995487507459,-1.3620671886442648,-1.1883719084021676,-0.05921248851817611,0.0,1.0,0.0,0.0,0.0,0.0,1.0,0.0,0.0,1.0,0.0,0.0,1
592,1.4004455220604821,-0.3453921500746339,-1.3978790198648638,0.6746678147410886,-0.2946498186103276,1.0,0.0,0.0,0.0,1.0,0.0,0.0,0.0,0.0,1.0,0.0,0.0,0
593,-0.9359209033593602,1.986941076775662,1.1089491655770707,1.0822077541786759,0.9806357193888262,0.0,1.0,0.0,0.0,0.0,1.0,0.0,0.0,0.0,1.0,0.0,0.0,1
594,1.6753121603451695,-0.014843171960697,-0.6100187330116844,1.2277577325492428,-0.5791365924716773,0.0,1.0,0.0,0.0,0.0,0.0,0.0,0.0,1.0,1.0,0.0,0.0,0
595,-0.6610542650746728,0.4662186274649007,-0.5383950705704863,0.5000078406964084,0.01926662151254105,1.0,0.0,0.0,0.0,1.0,0.0,0.0,0.0,0.0,0.0,0.0,1.0,0
596,1.0568622242046228,-1.7124959297351228,-1.6485618384090572,0.9657677714822224,-1.442406802809566,0.0,1.0,0.0,0.0,1.0,0.0,0.0,0.0,0.0,1.0,0.0,0.0,1
597,0.3009789689217328,-0.1417516014497642,1.7535621275478537,-0.25685204683053947,1.0885444956810624,0.0,1.0,0.0,0.0,0.0,0.0,0.0,1.0,0.0,0.0,0.0,1.0,0
598,0.988145564633451,-0.4671179624871356,-0.18027675836449564,0.470897845022295,0.5195709479583629,1.0,0.0,0.0,0.0,0.0,0.0,0.0,0.0,1.0,1.0,0.0,0.0,0
599,0.43841228806407645,-2.1183793674570586,1.1089491655770707,-1.3339218867727345,1.2945521595116949,1.0,0.0,0.0,0.0,1.0,0.0,0.0,0.0,0.0,0.0,1.0,0.0,0
600,0.5071289476352483,0.35547744124587166,0.8224545158122781,0.1797978882811612,1.343601603280893,0.0,1.0,0.0,0.0,0.0,0.0,0.0,0.0,1.0,0.0,0.0,1.0,0
601,0.43841228806407645,-0.4135336071405987,-1.1830080325412695,0.23801787962938795,-0.49084759368712044,0.0,1.0,0.0,0.0,0.0,0.0,0.0,1.0,0.0,0.0,1.0,0.0,0
602,0.988145564633451,-2.1325559458153793,1.1447609967976697,-1.595911847839755,-1.5993650228710004,0.0,1.0,0.0,0.0,0.0,0.0,0.0,0.0,1.0,1.0,0.0,0.0,0
603,0.8507122454911075,0.8059698825692275,0.2494652162826931,0.20890788395527457,-0.5104673711947998,1.0,0.0,0.0,0.0,0.0,0.0,1.0,0.0,0.0,0.0,0.0,1.0,0
604,-1.348220860786391,1.4013572871737703,0.4285243723856884,0.8202177931116555,-1.226589250225094,1.0,0.0,0.0,0.0,0.0,0.0,0.0,0.0,1.0,0.0,1.0,0.0,0
605,1.1255788837757947,1.456470957575968,-1.003948876438274,-0.4315120208752197,0.15660506406629607,0.0,1.0,0.0,0.0,0.0,1.0,0.0,0.0,0.0,1.0,0.0,0.0,0
606,0.0948289902082173,0.3253988749531747,1.288008321680066,0.1797978882811612,-1.226589250225094,1.0,0.0,0.0,0.0,0.0,0.0,1.0,0.0,0.0,1.0,0.0,0.0,0
607,-0.6610542650746728,-0.014843171960697,1.6103148026654575,-0.6935019819422401,1.5496092671115256,0.0,1.0,0.0,0.0,1.0,0.0,0.0,0.0,0.0,1.0,0.0,0.0,0
608,0.02611233063704547,1.2945168820375057,-0.25190042080569375,-0.7517219732904669,0.4018522829122872,0.0,1.0,0.0,1.0,0.0,0.0,0.0,0.0,0.0,1.0,0.0,0.0,0
609,1.6753121603451695,1.6487135816414316,-0.0012176022615003296,-1.2465918997503944,-0.8440035888253477,0.0,0.0,1.0,0.0,0.0,0.0,0.0,0.0,1.0,1.0,0.0,0.0,0
610,1.2630122029181383,1.0999455661037782,-0.0012176022615003296,-0.5479520035716733,1.5496092671115256,0.0,1.0,0.0,1.0,0.0,0.0,0.0,0.0,0.0,1.0,0.0,0.0,0
611,1.1942955433469666,-0.9749855495456325,1.4312556465624622,1.0822077541786759,1.0002554968965054,0.0,1.0,0.0,0.0,0.0,0.0,0.0,0.0,1.0,1.0,0.0,0.0,0
612,-0.11132098850529819,0.16780054200513514,0.10621789140029686,1.5479676849644899,-0.05921248851817611,0.0,1.0,0.0,1.0,0.0,0.0,0.0,0.0,0.0,0.0,0.0,1.0,0
613,0.988145564633451,0.40595150418534603,0.3569007099444903,0.5000078406964084,-1.226589250225094,1.0,0.0,0.0,0.0,0.0,0.0,0.0,0.0,1.0,1.0,0.0,0.0,0
614,-0.3861876267899855,-1.8429915557268883,-0.896513382776477,0.470897845022295,-0.5202772599486394,1.0,0.0,0.0,0.0,0.0,0.0,1.0,0.0,0.0,1.0,0.0,0.0,1
615,0.644562266777592,0.4357934238330345,-1.469502682306062,0.4417878493481816,0.3429929503892493,0.0,0.0,1.0,1.0,0.0,0.0,0.0,0.0,0.0,0.0,0.0,1.0,0
616,0.5071289476352483,2.2392719503655325,1.6461266338860565,-0.053082077111745826,0.9904456081426658,0.0,1.0,0.0,0.0,0.0,0.0,0.0,1.0,0.0,1.0,0.0,0.0,0
617,-0.9359209033593602,0.6063545489437471,-0.0012176022615003296,-0.2277420511564261,-0.8145739225638288,0.0,1.0,0.0,0.0,0.0,0.0,1.0,0.0,0.0,1.0,0.0,0.0,0
618,-0.8672042437881883,1.439761260200643,-0.7174542266734816,0.4417878493481816,0.9119664981119487,1.0,0.0,0.0,0.0,0.0,0.0,0.0,1.0,0.0,1.0,0.0,0.0,0
619,-1.5543708394999067,0.14937210115643096,0.75083085337108,1.0239877628304492,-0.7360948125331116,0.0,1.0,0.0,0.0,0.0,0.0,0.0,1.0,0.0,1.0,0.0,0.0,0
620,-1.2795042012152194,-0.10673956366802909,-0.0012176022615003296,-0.25685204683053947,-0.8636233663330269,1.0,0.0,0.0,0.0,1.0,0.0,0.0,0.0,0.0,1.0,0.0,0.0,0
621,-0.24875430764764184,0.34771198713650814,-1.433690851085463,0.26712787530350135,-0.1475014873027329,1.0,0.0,0.0,0.0,0.0,1.0,0.0,0.0,0.0,1.0,0.0,0.0,0
622,-0.11132098850529819,-0.849285073412371,-0.8248897203352787,-0.0821920727858592,-1.1775398064558955,0.0,1.0,0.0,0.0,1.0,0.0,0.0,0.0,0.0,1.0,0.0,0.0,0
623,-1.2107875416440474,-0.9972208905310754,-0.10865309592329753,-0.7226119776163535,-0.3044597073641672,1.0,0.0,0.0,0.0,1.0,0.0,0.0,0.0,0.0,0.0,1.0,0.0,0
624,-0.3174709672188137,1.2326698924236617,-0.39514774568809,-0.6935019819422401,-0.47122781617944115,0.0,1.0,0.0,0.0,0.0,0.0,0.0,1.0,0.0,0.0,1.0,0.0,1
625,0.3696956284929046,1.3386986995590842,-1.039760707658873,-1.4212518737950746,-0.7459047012869512,0.0,1.0,0.0,0.0,1.0,0.0,0.0,0.0,0.0,1.0,0.0,0.0,0
626,-0.9359209033593602,-1.0245496894697885,-0.46677140812928813,-0.16952205980819934,1.0296851631580244,1.0,0.0,0.0,1.0,0.0,0.0,0.0,0.0,0.0,1.0,0.0,0.0,1
627,-0.592337605503501,0.9343895730858737,-0.5025832393498872,0.7619978017634288,-0.559516814963998,1.0,0.0,0.0,1.0,0.0,0.0,0.0,0.0,0.0,1.0,0.0,0.0,0
628,-0.4549042863611573,-0.12048006780960678,0.14202972262089592,0.6746678147410886,0.7353885005428351,1.0,0.0,0.0,0.0,1.0,0.0,0.0,0.0,0.0,0.0,1.0,0.0,1
629,0.02611233063704547,0.30625216154109636,0.2852770475032922,1.7226276590091703,0.8236774993273919,1.0,0.0,0.0,0.0,0.0,1.0,0.0,0.0,0.0,0.0,1.0,0.0,0
630,-0.4549042863611573,0.4266525305381218,1.4312556465624622,-1.5668018521656415,-0.05921248851817611,0.0,0.0,1.0,1.0,0.0,0.0,0.0,0.0,0.0,1.0,0.0,0.0,0
631,0.8507122454911075,0.9607390104397229,1.1447609967976697,0.936657775808109,-0.7851442563023098,0.0,0.0,1.0,0.0,0.0,0.0,0.0,1.0,0.0,1.0,0.0,0.0,0
632,-0.592337605503501,0.0491839109825834,-0.0012176022615003296,1.0530977585045624,1.2160730494809777,1.0,0.0,0.0,0.0,0.0,0.0,0.0,0.0,1.0,1.0,0.0,0.0,0
633,-0.24875430764764184,1.3765155000418836,1.5028793090036603,-0.19863205548231272,-0.9028629213483855,0.0,1.0,0.0,0.0,0.0,0.0,1.0,0.0,0.0,0.0,1.0,0.0,0
634,-0.4549042863611573,0.2758591774054983,0.14202972262089592,-0.7226119776163535,-0.05921248851817611,1.0,0.0,0.0,1.0,0.0,0.0,0.0,0.0,0.0,0.0,1.0,0.0,0
635,-1.1420708820728755,0.5906042148452569,-1.039760707658873,-0.4606220165493331,1.3828411582962516,0.0,0.0,1.0,0.0,0.0,1.0,0.0,0.0,0.0,1.0,0.0,0.0,0
636,0.644562266777592,-0.8667197094537467,-0.5025832393498872,0.6746678147410886,-0.5398970374563187,0.0,1.0,0.0,0.0,0.0,0.0,0.0,1.0,0.0,0.0,0.0,1.0,0
637,-0.9359209033593602,2.124948844975091,-0.0012176022615003296,1.2859777238974694,0.7451983892966747,0.0,1.0,0.0,0.0,0.0,0.0,0.0,0.0,1.0,1.0,0.0,0.0,1
638,-0.7297709246458447,0.43625782898615195,1.2163846592388678,0.5291178363705217,-1.5993650228710004,0.0,1.0,0.0,0.0,1.0,0.0,0.0,0.0,0.0,0.0,0.0,1.0,0
639,1.0568622242046228,-0.014843171960697,-0.35933591446749097,0.09246790125882107,0.4509017266814854,0.0,1.0,0.0,0.0,0.0,0.0,1.0,0.0,0.0,0.0,1.0,0.0,0
640,1.6065955007739976,-1.6415769298873555,-1.1471962013206705,0.5582278320446351,-0.05921248851817611,1.0,0.0,0.0,0.0,0.0,0.0,0.0,0.0,1.0,1.0,0.0,0.0,0
641,0.5758456072064201,-0.8561600473058891,-1.039760707658873,-1.450361869469188,0.7844379443120333,0.0,1.0,0.0,1.0,0.0,0.0,0.0,0.0,0.0,1.0,0.0,0.0,0
642,1.469162181631654,1.2042517412059264,-1.3262553574236657,0.41267785367406823,0.33318306163540967,1.0,0.0,0.0,0.0,0.0,1.0,0.0,0.0,0.0,0.0,0.0,1.0,1
643,1.2630122029181383,0.25333941603919913,0.7866426845916791,-1.537691856491528,1.2847422707578553,1.0,0.0,0.0,0.0,0.0,1.0,0.0,0.0,0.0,1.0,0.0,0.0,0
644,-0.042604328934126356,-1.9471455214845936,0.07040606017969779,1.6352976719868302,-0.6870453687639133,1.0,0.0,0.0,0.0,0.0,0.0,0.0,1.0,0.0,0.0,1.0,0.0,0
645,0.988145564633451,1.004674737670834,-0.10865309592329753,1.3733077109198097,-0.4025585949025637,0.0,1.0,0.0,0.0,0.0,1.0,0.0,0.0,0.0,1.0,0.0,0.0,0
646,-0.592337605503501,-0.5772641990423018,0.6792071909298819,0.06335790558470769,-1.5012661353326038,0.0,1.0,0.0,0.0,0.0,0.0,0.0,0.0,1.0,0.0,1.0,0.0,0
647,-0.18003764807647002,1.3776704023305575,1.252196490459467,-0.40240202520110635,0.7451983892966747,1.0,0.0,0.0,0.0,0.0,0.0,0.0,0.0,1.0,1.0,0.0,0.0,0
648,0.0948289902082173,-0.1213555492944311,1.1089491655770707,0.8493277887857689,0.8432972768350712,1.0,0.0,0.0,0.0,0.0,0.0,0.0,0.0,1.0,1.0,0.0,0.0,1
649,1.6065955007739976,0.17116192427967283,-1.2188198637618686,0.5000078406964084,0.9413961643734676,1.0,0.0,0.0,0.0,0.0,1.0,0.0,0.0,0.0,1.0,0.0,0.0,0
650,1.2630122029181383,1.145327282107095,0.39271254116508936,0.7328878060893154,0.931586275619628,1.0,0.0,0.0,1.0,0.0,0.0,0.0,0.0,0.0,1.0,0.0,0.0,0
651,-0.042604328934126356,-0.9309442756888133,-0.0012176022615003296,0.09246790125882107,-1.2952584715019713,0.0,1.0,0.0,0.0,0.0,0.0,1.0,0.0,0.0,1.0,0.0,0.0,0
652,0.5071289476352483,-1.0262900977768659,1.0373255031358726,-0.8681619559869204,0.6372896130044386,1.0,0.0,0.0,0.0,1.0,0.0,0.0,0.0,0.0,0.0,0.0,1.0,0
653,-1.0733542225017039,-0.23000913435865677,-0.5383950705704863,-1.450361869469188,0.9806357193888262,0.0,1.0,0.0,0.0,0.0,0.0,0.0,1.0,0.0,1.0,0.0,0.0,1
654,1.0568622242046228,0.7935753756597116,-0.3235240832468919,-0.7226119776163535,-1.0205815863944612,0.0,1.0,0.0,0.0,0.0,0.0,0.0,0.0,1.0,1.0,0.0,0.0,0
655,0.16354564977938912,-1.3642920564372139,1.4670674777830612,0.12157789693293444,-0.04940259976433646,1.0,0.0,0.0,1.0,0.0,0.0,0.0,0.0,0.0,1.0,0.0,0.0,0
656,0.0948289902082173,-1.7014207556469627,-1.5769381759678591,-0.2277420511564261,1.5201796008500066,0.0,1.0,0.0,0.0,0.0,0.0,0.0,1.0,0.0,1.0,0.0,0.0,0
657,0.9194289050622793,0.7901240009990433,0.177841553841495,0.06335790558470769,-0.26522015234880864,0.0,1.0,0.0,0.0,0.0,0.0,0.0,0.0,1.0,0.0,1.0,0.0,0
658,0.02611233063704547,-0.6364547467396294,-1.2904435262030667,-0.7226119776163535,0.9413961643734676,0.0,1.0,0.0,0.0,0.0,1.0,0.0,0.0,0.0,0.0,1.0,0.0,0
659,-1.5543708394999067,-0.4257203538500359,1.4670674777830612,1.5479676849644899,0.14679517531245642,0.0,1.0,0.0,0.0,0.0,0.0,0.0,1.0,0.0,1.0,0.0,0.0,0
660,-0.7984875842170165,-1.890180896572603,-1.5769381759678591,-0.4315120208752197,0.6078599467429198,1.0,0.0,0.0,0.0,0.0,0.0,0.0,1.0,0.0,0.0,0.0,1.0,1
661,-1.1420708820728755,-0.7124494282668629,-1.6127500071884582,1.2277577325492428,0.490141281696844,0.0,1.0,0.0,0.0,0.0,0.0,0.0,0.0,1.0,0.0,0.0,1.0,0
662,0.8507122454911075,2.7768961865083175,-0.5383950705704863,-0.3441820338528796,0.5784302804814008,1.0,0.0,0.0,0.0,0.0,0.0,0.0,1.0,0.0,0.0,1.0,0.0,0
663,-1.6918041586422503,0.8967716446662515,-1.003948876438274,-0.16952205980819934,1.039495051911864,1.0,0.0,0.0,0.0,0.0,1.0,0.0,0.0,0.0,1.0,0.0,0.0,0
664,-1.0733542225017039,-0.8046921795590858,0.07040606017969779,0.38356785799995485,1.4907499345884878,0.0,1.0,0.0,0.0,0.0,1.0,0.0,0.0,0.0,1.0,0.0,0.0,0
665,0.3696956284929046,1.6237084749939754,-0.6458305642322835,-0.7808319689645803,-0.696855257517753,0.0,1.0,0.0,0.0,0.0,0.0,0.0,0.0,1.0,1.0,0.0,0.0,0
666,0.7132789263487638,-0.7180256231556101,-0.4309595769086891,-0.9263819473351471,1.569229044619205,1.0,0.0,0.0,0.0,1.0,0.0,0.0,0.0,0.0,0.0,1.0,0.0,0
667,0.02611233063704547,-0.7165613026010438,0.2852770475032922,-0.373292029526993,0.4999511704506836,1.0,0.0,0.0,0.0,0.0,0.0,0.0,0.0,1.0,0.0,0.0,1.0,0
668,1.2630122029181383,1.5037002950377405,0.2852770475032922,1.0822077541786759,0.3822325054046079,1.0,0.0,0.0,0.0,1.0,0.0,0.0,0.0,0.0,1.0,0.0,0.0,1
669,1.469162181631654,0.17791468629079135,1.6103148026654575,-1.1883719084021676,-0.5791365924716773,1.0,0.0,0.0,0.0,0.0,0.0,0.0,1.0,0.0,1.0,0.0,0.0,0
670,-1.348220860786391,-0.5855057239844667,-0.0012176022615003296,-0.16952205980819934,-0.255410263594969,0.0,1.0,0.0,0.0,1.0,0.0,0.0,0.0,0.0,0.0,0.0,1.0,0
671,1.6065955007739976,-0.1886476337777206,0.2852770475032922,0.6164478233928619,0.5784302804814008,0.0,1.0,0.0,0.0,0.0,0.0,1.0,0.0,0.0,0.0,1.0,0.0,0
672,0.3696956284929046,1.3194314407902756,0.715019022150481,0.7619978017634288,-0.4516080386717619,1.0,0.0,0.0,0.0,0.0,0.0,1.0,0.0,0.0,1.0,0.0,0.0,0
673,0.5071289476352483,1.4325513146476394,-1.0755725388794721,-0.19863205548231272,-0.7262849237792719,0.0,1.0,0.0,0.0,0.0,0.0,0.0,0.0,1.0,0.0,0.0,1.0,0
674,-1.4856541799287348,-0.8502516583004385,0.6792071909298819,-1.4212518737950746,1.1768334944656191,1.0,0.0,0.0,0.0,0.0,0.0,1.0,0.0,0.0,1.0,0.0,0.0,1
675,0.43841228806407645,-0.07595772354297911,1.359631984121264,-1.6541318391879816,-0.26522015234880864,1.0,0.0,0.0,0.0,0.0,0.0,0.0,0.0,1.0,1.0,0.0,0.0,0
676,0.7819955859199356,0.05662161504369454,-0.0012176022615003296,-0.0821920727858592,0.5588105029737215,1.0,0.0,0.0,0.0,0.0,0.0,0.0,1.0,0.0,0.0,0.0,1.0,0
677,0.3009789689217328,-1.0196839900246264,-1.0755725388794721,1.1113177498527893,-1.638604577886359,0.0,1.0,0.0,0.0,0.0,0.0,0.0,1.0,0.0,0.0,0.0,1.0,1
678,0.02611233063704547,-0.08920771362929077,-0.46677140812928813,-1.595911847839755,-1.471836469071085,0.0,1.0,0.0,1.0,0.0,0.0,0.0,0.0,0.0,1.0,0.0,0.0,0
679,0.0948289902082173,-0.028205097021115264,-0.7174542266734816,1.3733077109198097,1.2847422707578553,0.0,1.0,0.0,0.0,1.0,0.0,0.0,0.0,0.0,1.0,0.0,0.0,0
680,1.5378788412028257,1.1065855598779557,-0.0012176022615003296,0.6455578190669753,-1.246209027732773,0.0,1.0,0.0,1.0,0.0,0.0,0.0,0.0,0.0,1.0,0.0,0.0,0
681,0.7819955859199356,1.1737954290949033,1.359631984121264,-1.683241834862095,1.098354384434902,1.0,0.0,0.0,1.0,0.0,0.0,0.0,0.0,0.0,1.0,0.0,0.0,0
682,-1.2795042012152194,-0.36270901830206054,0.4285243723856884,-0.5188420078975599,1.4711301570808084,0.0,1.0,0.0,0.0,0.0,0.0,1.0,0.0,0.0,1.0,0.0,0.0,0
683,1.6065955007739976,-0.24746265769094847,-1.2546316949824676,-0.9263819473351471,-0.05921248851817611,0.0,1.0,0.0,0.0,1.0,0.0,0.0,0.0,0.0,1.0,0.0,0.0,0
684,1.6065955007739976,0.6307085995631485,-0.5742069017910854,1.5770776806386033,1.4122708245577706,0.0,1.0,0.0,0.0,0.0,0.0,0.0,0.0,1.0,1.0,0.0,0.0,0
685,-1.2107875416440474,-0.6186662517478524,-0.0012176022615003296,0.23801787962938795,-0.22598059733345005,0.0,1.0,0.0,0.0,1.0,0.0,0.0,0.0,0.0,1.0,0.0,0.0,0
686,1.0568622242046228,0.5550627774093099,-0.5383950705704863,-0.5770619992457866,1.6575180434037617,1.0,0.0,0.0,0.0,0.0,0.0,1.0,0.0,0.0,1.0,0.0,0.0,0
687,-0.3174709672188137,-0.12142665438964517,-0.0012176022615003296,-0.7226119776163535,-0.9028629213483855,0.0,1.0,0.0,0.0,0.0,0.0,1.0,0.0,0.0,1.0,0.0,0.0,1
688,0.3009789689217328,-1.0028437481385568,0.75083085337108,0.26712787530350135,-0.21617070857961043,0.0,0.0,1.0,0.0,1.0,0.0,0.0,0.0,0.0,0.0,0.0,1.0,0
689,-0.18003764807647002,-0.9902831441706887,-0.5383950705704863,-1.683241834862095,-0.3633190398872051,0.0,1.0,0.0,0.0,0.0,1.0,0.0,0.0,0.0,1.0,0.0,0.0,0
690,0.988145564633451,1.413409045304012,0.6075835284886838,-0.8099419646386936,1.0591148294195434,1.0,0.0,0.0,0.0,1.0,0.0,0.0,0.0,0.0,0.0,0.0,1.0,0
691,1.7440288199163412,-0.014843171960697,-0.28771225202629286,-1.130151917053941,-1.5993650228710004,0.0,1.0,0.0,0.0,0.0,0.0,0.0,1.0,0.0,0.0,1.0,0.0,0
692,1.0568622242046228,1.6066876928270883,-1.2188198637618686,0.4417878493481816,1.2160730494809777,0.0,1.0,0.0,0.0,0.0,0.0,0.0,0.0,1.0,0.0,0.0,1.0,0
693,1.5378788412028257,-0.5471200827399538,-0.39514774568809,0.6164478233928619,-1.6680342441478777,1.0,0.0,0.0,0.0,1.0,0.0,0.0,0.0,0.0,1.0,0.0,0.0,0
694,1.6065955007739976,0.25765293997933875,-0.14446492714389658,-0.0821920727858592,-0.6183761474870358,0.0,0.0,1.0,0.0,1.0,0.0,0.0,0.0,0.0,1.0,0.0,0.0,0
695,-1.4856541799287348,2.3589468251879504,-1.6843736696296563,-1.217481904076281,0.3822325054046079,1.0,0.0,0.0,0.0,0.0,0.0,0.0,1.0,0.0,0.0,0.0,1.0,0
696,-0.8672042437881883,-1.0908246377863817,1.4670674777830612,-0.40240202520110635,-1.226589250225094,0.0,1.0,0.0,0.0,0.0,0.0,0.0,0.0,1.0,0.0,0.0,1.0,0
697,0.7819955859199356,-1.9311813165919043,0.177841553841495,1.2277577325492428,-0.05921248851817611,0.0,1.0,0.0,0.0,1.0,0.0,0.0,0.0,0.0,1.0,0.0,0.0,0
698,0.3009789689217328,1.25295373185061,-1.5769381759678591,-0.9846019386833739,1.814476263465196,0.0,1.0,0.0,0.0,0.0,0.0,0.0,1.0,0.0,1.0,0.0,0.0,0
699,-1.6230874990710784,-0.8602663665545061,1.359631984121264,-1.130151917053941,1.1964532719732983,0.0,1.0,0.0,0.0,1.0,0.0,0.0,0.0,0.0,0.0,0.0,1.0,0
700,-1.4856541799287348,-0.05423178390371876,1.323820152900665,-1.304811891098621,-1.638604577886359,1.0,0.0,0.0,1.0,0.0,0.0,0.0,0.0,0.0,1.0,0.0,0.0,0
701,0.0948289902082173,-0.6193961899909102,-1.6485618384090572,1.1404277455269027,0.3626127278969286,1.0,0.0,0.0,0.0,0.0,0.0,1.0,0.0,0.0,0.0,0.0,1.0,0
702,0.43841228806407645,0.23461266709572917,-1.1113843701000714,-1.2757018954245076,0.39204239415844755,1.0,0.0,0.0,0.0,1.0,0.0,0.0,0.0,0.0,1.0,0.0,0.0,0
703,-1.2107875416440474,-0.9839831216330042,-0.39514774568809,0.3253478666517281,-1.5110760240864436,1.0,0.0,0.0,0.0,1.0,0.0,0.0,0.0,0.0,1.0,0.0,0.0,0
704,-1.2107875416440474,-0.21345220183633093,0.10621789140029686,1.7517376546832837,0.5784302804814008,1.0,0.0,0.0,0.0,0.0,1.0,0.0,0.0,0.0,0.0,1.0,0.0,0
705,0.02611233063704547,0.41625007731171393,0.8582663470328772,0.5291178363705217,0.1173655090509375,0.0,1.0,0.0,0.0,0.0,1.0,0.0,0.0,0.0,1.0,0.0,0.0,0
706,0.23226230935056097,-1.041751011917492,-0.18027675836449564,-0.25685204683053947,-0.05921248851817611,0.0,1.0,0.0,0.0,0.0,0.0,0.0,0.0,1.0,0.0,0.0,1.0,0
707,-1.7605208182134222,-0.7335520873058871,0.4643362036062875,-0.9846019386833739,-0.6870453687639133,1.0,0.0,0.0,0.0,0.0,0.0,1.0,0.0,0.0,1.0,0.0,0.0,0
708,0.23226230935056097,-0.38088081419772646,-1.6485618384090572,-1.683241834862095,-0.8341937000715081,1.0,0.0,0.0,1.0,0.0,0.0,0.0,0.0,0.0,1.0,0.0,0.0,1
709,-0.11132098850529819,-1.4622221043294557,0.6433953597092829,-1.1592619127280541,0.8825368318504297,0.0,1.0,0.0,0.0,0.0,0.0,0.0,1.0,0.0,0.0,1.0,0.0,0
710,-0.11132098850529819,-0.45605278755299,1.5386911402242593,1.6061876763127168,0.8334873880812316,0.0,1.0,0.0,0.0,0.0,1.0,0.0,0.0,0.0,1.0,0.0,0.0,1
711,0.644562266777592,0.08525919214119254,0.177841553841495,-1.1883719084021676,-1.167729917702056,1.0,0.0,0.0,0.0,0.0,0.0,0.0,1.0,0.0,1.0,0.0,0.0,0
712,0.0948289902082173,-0.433042512131424,-0.07284126470269846,-1.6250218435138681,-0.05921248851817611,1.0,0.0,0.0,0.0,0.0,1.0,0.0,0.0,0.0,0.0,1.0,0.0,0
713,0.7819955859199356,-0.3048811330934856,-0.6458305642322835,1.1404277455269027,0.35280283914308896,1.0,0.0,0.0,1.0,0.0,0.0,0.0,0.0,0.0,0.0,0.0,1.0,0
714,0.9194289050622793,-0.05342740751410894,1.6819384651066556,-0.25685204683053947,-0.05921248851817611,0.0,1.0,0.0,0.0,1.0,0.0,0.0,0.0,0.0,0.0,0.0,1.0,0
715,1.469162181631654,-0.6892152828970836,-1.5769381759678591,-0.4606220165493331,-1.030391475148301,0.0,1.0,0.0,1.0,0.0,0.0,0.0,0.0,0.0,1.0,0.0,0.0,0
716,1.0568622242046228,0.6574768903684941,-0.6816423954528825,0.7911077974375421,-0.971532142625263,1.0,0.0,0.0,0.0,1.0,0.0,0.0,0.0,0.0,1.0,0.0,0.0,1
717,0.02611233063704547,1.4023294271474012,-1.2188198637618686,0.12157789693293444,1.1375939394502605,0.0,1.0,0.0,0.0,0.0,0.0,0.0,1.0,0.0,0.0,0.0,1.0,0
718,0.02611233063704547,-0.4978686941330291,1.359631984121264,1.4606376979421498,0.7451983892966747,1.0,0.0,0.0,0.0,1.0,0.0,0.0,0.0,0.0,1.0,0.0,0.0,0
719,-0.9359209033593602,-0.014843171960697,-0.0012176022615003296,-0.0821920727858592,1.480940045834648,1.0,0.0,0.0,1.0,0.0,0.0,0.0,0.0,0.0,1.0,0.0,0.0,0
720,0.3696956284929046,-0.2731243754520231,1.5745029714448584,0.7619978017634288,1.0493049406657038,0.0,1.0,0.0,0.0,1.0,0.0,0.0,0.0,0.0,0.0,0.0,1.0,0
721,-1.2795042012152194,0.33192887803319293,0.6433953597092829,1.3441977152456963,-0.05921248851817611,0.0,1.0,0.0,0.0,0.0,0.0,0.0,0.0,1.0,1.0,0.0,0.0,1
722,1.5378788412028257,1.5321195572725888,0.2852770475032922,-0.0821920727858592,-0.05921248851817611,0.0,1.0,0.0,0.0,0.0,0.0,0.0,0.0,1.0,1.0,0.0,0.0,0
723,1.1942955433469666,0.4750889880928653,-0.0012176022615003296,-0.7226119776163535,-0.7753343675484702,1.0,0.0,0.0,1.0,0.0,0.0,0.0,0.0,0.0,1.0,0.0,0.0,0
724,-1.348220860786391,-1.806791840651654,-0.9681370452176751,1.6644076676609434,-0.9028629213483855,1.0,0.0,0.0,0.0,0.0,1.0,0.0,0.0,0.0,1.0,0.0,0.0,1
725,0.988145564633451,0.4204297236897709,0.2852770475032922,-0.9263819473351471,-1.5503155791018022,0.0,1.0,0.0,0.0,0.0,0.0,1.0,0.0,0.0,0.0,0.0,1.0,1
726,0.02611233063704547,1.1992321658906524,0.715019022150481,-1.5668018521656415,1.039495051911864,1.0,0.0,0.0,0.0,0.0,1.0,0.0,0.0,0.0,0.0,1.0,0.0,0
727,0.7819955859199356,-0.2551047889008003,1.7177502963272546,0.2962378709776147,0.6176698354967594,0.0,1.0,0.0,0.0,0.0,0.0,1.0,0.0,0.0,1.0,0.0,0.0,0
728,-1.4856541799287348,0.9620233462220282,0.2494652162826931,1.7226276590091703,-1.442406802809566,0.0,1.0,0.0,0.0,0.0,0.0,0.0,0.0,1.0,1.0,0.0,0.0,1
729,-0.042604328934126356,-0.72358459727911,1.6103148026654575,-1.3921418781209611,-1.0402013639021406,1.0,0.0,0.0,0.0,0.0,0.0,0.0,1.0,0.0,0.0,0.0,1.0,0
730,0.5758456072064201,-1.5189406389509785,1.6461266338860565,1.2568677282233562,-1.0696310301636596,0.0,1.0,0.0,0.0,0.0,0.0,0.0,0.0,1.0,1.0,0.0,0.0,0
731,0.7819955859199356,0.10762952170583143,0.14202972262089592,1.169537741201016,-0.3044597073641672,0.0,1.0,0.0,1.0,0.0,0.0,0.0,0.0,0.0,1.0,0.0,0.0,0
732,-0.3174709672188137,-1.7898554957853343,-0.14446492714389658,1.5188576892903767,-0.11807182104121397,1.0,0.0,0.0,0.0,0.0,1.0,0.0,0.0,0.0,0.0,1.0,0.0,1
733,1.469162181631654,-0.014843171960697,-1.1830080325412695,-0.2277420511564261,-0.05921248851817611,0.0,1.0,0.0,0.0,0.0,0.0,0.0,1.0,0.0,0.0,0.0,1.0,1
734,0.988145564633451,1.2532059327351983,-0.7532660578940806,-0.8099419646386936,1.5790389333730446,1.0,0.0,0.0,0.0,0.0,1.0,0.0,0.0,0.0,1.0,0.0,0.0,0
735,-1.0733542225017039,-1.9431286391135507,1.4312556465624622,0.06335790558470769,-0.9911519201329423,0.0,1.0,0.0,0.0,1.0,0.0,0.0,0.0,0.0,0.0,1.0,0.0,0
736,0.5758456072064201,-1.31291584760221,-1.2188198637618686,-1.217481904076281,0.26451384035853215,0.0,1.0,0.0,0.0,1.0,0.0,0.0,0.0,0.0,1.0,0.0,0.0,0
737,0.7819955859199356,-1.0654723382911997,-0.28771225202629286,1.2277577325492428,-0.1867410423180915,0.0,1.0,0.0,0.0,0.0,0.0,0.0,1.0,0.0,0.0,1.0,0.0,0
738,-0.592337605503501,-0.09684206771935358,0.7866426845916791,0.5873378277187485,-0.3633190398872051,0.0,1.0,0.0,0.0,0.0,0.0,0.0,0.0,1.0,0.0,0.0,1.0,1
739,0.8507122454911075,-0.39921315206618047,-0.8607015515558779,-0.023972081437632447,1.2062631607271381,0.0,1.0,0.0,0.0,1.0,0.0,0.0,0.0,0.0,0.0,0.0,1.0,0
740,1.4004455220604821,1.365490321723796,1.7535621275478537,0.09246790125882107,1.755616930942158,0.0,1.0,0.0,1.0,0.0,0.0,0.0,0.0,0.0,0.0,1.0,0.0,0
741,0.02611233063704547,0.9207401723475395,0.6075835284886838,0.7619978017634288,-1.7268935766709157,1.0,0.0,0.0,0.0,1.0,0.0,0.0,0.0,0.0,0.0,0.0,1.0,0
742,0.9194289050622793,0.46170345391880235,-1.6127500071884582,0.12157789693293444,-0.08864215477969505,0.0,1.0,0.0,0.0,1.0,0.0,0.0,0.0,0.0,1.0,0.0,0.0,0
743,0.43841228806407645,0.11209081092196274,-0.8248897203352787,1.1986477368751294,-1.3246881377634903,0.0,1.0,0.0,0.0,0.0,1.0,0.0,0.0,0.0,1.0,0.0,0.0,1
744,-0.7984875842170165,0.3596693088121686,0.9298900094740753,1.5188576892903767,-0.19655093107193114,0.0,1.0,0.0,0.0,1.0,0.0,0.0,0.0,0.0,1.0,0.0,0.0,0
745,1.0568622242046228,-0.8954367242748043,1.359631984121264,1.6061876763127168,0.4607116154353251,0.0,1.0,0.0,0.0,1.0,0.0,0.0,0.0,0.0,0.0,0.0,1.0,1
746,-0.5236209459323292,0.8236106122850125,1.5745029714448584,0.4417878493481816,-0.2750300411026483,0.0,1.0,0.0,0.0,0.0,1.0,0.0,0.0,0.0,1.0,0.0,0.0,0
747,0.0948289902082173,-1.1454777915953565,1.323820152900665,0.8784377844598823,-0.6478058137485547,1.0,0.0,0.0,0.0,0.0,0.0,0.0,1.0,0.0,0.0,0.0,1.0,0
748,-0.6610542650746728,0.8017791260200435,-1.433690851085463,-0.6061719949199,-0.6379959249947151,0.0,1.0,0.0,0.0,0.0,1.0,0.0,0.0,0.0,0.0,0.0,1.0,0
749,-0.6610542650746728,1.1525150073178447,-0.0012176022615003296,-1.5668018521656415,-0.6772354800100737,0.0,1.0,0.0,0.0,0.0,1.0,0.0,0.0,0.0,1.0,0.0,0.0,0
750,-1.2107875416440474,0.17731918111837278,-1.3262553574236657,-0.3150720381787662,-0.588946481225517,1.0,0.0,0.0,0.0,0.0,1.0,0.0,0.0,0.0,1.0,0.0,0.0,0
751,1.6065955007739976,-0.20972585044026437,-1.433690851085463,1.3150877195715829,-0.41236848365640333,0.0,1.0,0.0,0.0,0.0,0.0,0.0,0.0,1.0,1.0,0.0,0.0,0
752,-1.2795042012152194,-0.014843171960697,0.75083085337108,-1.2465918997503944,0.7157687230351558,0.0,1.0,0.0,1.0,0.0,0.0,0.0,0.0,0.0,1.0,0.0,0.0,0
753,-1.4856541799287348,-2.777872737219886,-0.0012176022615003296,0.1797978882811612,-1.4031672477942074,0.0,1.0,0.0,0.0,0.0,1.0,0.0,0.0,0.0,1.0,0.0,0.0,0
754,1.5378788412028257,0.26870533821668785,-0.0012176022615003296,-1.0428219300316006,-1.60917491162484,1.0,0.0,0.0,0.0,1.0,0.0,0.0,0.0,0.0,1.0,0.0,0.0,0
755,0.16354564977938912,-0.14687172381373953,-0.0012176022615003296,-0.19863205548231272,0.0977457315432582,0.0,1.0,0.0,0.0,0.0,0.0,1.0,0.0,0.0,1.0,0.0,0.0,0
756,-0.24875430764764184,-0.08415147474929696,-1.469502682306062,-1.1883719084021676,0.6863390567736368,1.0,0.0,0.0,0.0,1.0,0.0,0.0,0.0,0.0,1.0,0.0,0.0,0
757,0.8507122454911075,0.6729455816289089,0.177841553841495,0.8493277887857689,-0.8243838113176684,1.0,0.0,0.0,0.0,1.0,0.0,0.0,0.0,0.0,0.0,0.0,1.0,0
758,-0.4549042863611573,-0.10828998804883112,-0.0012176022615003296,1.1113177498527893,-1.030391475148301,1.0,0.0,0.0,0.0,0.0,0.0,0.0,0.0,1.0,1.0,0.0,0.0,1
759,-1.348220860786391,-1.1736376313343846,-0.14446492714389658,0.936657775808109,0.490141281696844,1.0,0.0,0.0,0.0,0.0,0.0,1.0,0.0,0.0,0.0,1.0,0.0,0
760,0.7819955859199356,-0.17491823980726995,0.14202972262089592,0.7328878060893154,-0.37312892864104474,0.0,0.0,1.0,0.0,0.0,0.0,0.0,0.0,1.0,0.0,1.0,0.0,0
761,-1.1420708820728755,0.034022415953835365,0.07040606017969779,-0.8972719516610338,0.8825368318504297,0.0,1.0,0.0,0.0,1.0,0.0,0.0,0.0,0.0,0.0,0.0,1.0,0
762,0.16354564977938912,0.08139674114881781,1.5028793090036603,0.15068789260704782,-1.226589250225094,0.0,1.0,0.0,0.0,0.0,0.0,0.0,0.0,1.0,0.0,1.0,0.0,1
763,1.6065955007739976,0.1283783217944538,-0.0012176022615003296,-1.3339218867727345,-1.3148782490096507,0.0,1.0,0.0,0.0,0.0,0.0,0.0,0.0,1.0,0.0,1.0,0.0,0
764,1.5378788412028257,1.005753535287286,1.3954438153418631,-0.40240202520110635,0.2252742853431736,1.0,0.0,0.0,0.0,0.0,0.0,0.0,0.0,1.0,1.0,0.0,0.0,0
765,-0.5236209459323292,-1.119469992003669,1.1805728280182688,0.06335790558470769,-0.3436992623795258,1.0,0.0,0.0,0.0,0.0,0.0,0.0,1.0,0.0,0.0,0.0,1.0,1
766,0.988145564633451,0.14215826704353304,1.1805728280182688,0.6164478233928619,0.8629170543427505,0.0,1.0,0.0,0.0,0.0,0.0,0.0,1.0,0.0,1.0,0.0,0.0,0
767,0.3696956284929046,1.2562928937828932,-0.25190042080569375,-1.363031882446848,0.05850617652789963,0.0,1.0,0.0,1.0,0.0,0.0,0.0,0.0,0.0,0.0,0.0,1.0,1
768,-0.11132098850529819,-1.7679923455326527,0.14202972262089592,1.1113177498527893,-0.05921248851817611,0.0,0.0,1.0,1.0,0.0,0.0,0.0,0.0,0.0,1.0,0.0,0.0,0
769,-1.2795042012152194,-0.014843171960697,-0.39514774568809,-0.11130206845997258,-1.1775398064558955,1.0,0.0,0.0,1.0,0.0,0.0,0.0,0.0,0.0,1.0,0.0,0.0,1
770,-0.4549042863611573,-0.014843171960697,-0.8248897203352787,1.3441977152456963,-1.167729917702056,1.0,0.0,0.0,0.0,0.0,0.0,0.0,1.0,0.0,1.0,0.0,0.0,1
771,0.5071289476352483,-0.4042066184793053,1.3954438153418631,0.12157789693293444,0.9512060531273073,0.0,0.0,1.0,0.0,0.0,0.0,0.0,1.0,0.0,0.0,1.0,0.0,1
772,1.7440288199163412,-0.9382586568504123,0.10621789140029686,0.20890788395527457,-0.9421024763637441,0.0,1.0,0.0,0.0,1.0,0.0,0.0,0.0,0.0,1.0,0.0,0.0,0
773,-1.7605208182134222,-0.2030636363238329,0.8582663470328772,0.703777810415202,-0.05921248851817611,0.0,1.0,0.0,0.0,0.0,0.0,0.0,0.0,1.0,1.0,0.0,0.0,1
774,0.7819955859199356,-0.014843171960697,-1.3620671886442648,1.1404277455269027,1.1768334944656191,1.0,0.0,0.0,0.0,1.0,0.0,0.0,0.0,0.0,1.0,0.0,0.0,1
775,1.2630122029181383,-1.2978510110622685,1.1089491655770707,-1.1592619127280541,1.4613202683269688,0.0,1.0,0.0,0.0,0.0,0.0,0.0,1.0,0.0,1.0,0.0,0.0,0
776,1.6065955007739976,-1.2030384771883222,0.6433953597092829,0.06335790558470769,-0.7949541450561495,0.0,1.0,0.0,0.0,1.0,0.0,0.0,0.0,0.0,0.0,1.0,0.0,0
777,-0.24875430764764184,-1.335351727176499,1.825185789989052,-1.595911847839755,-1.3541178040250093,0.0,1.0,0.0,0.0,0.0,0.0,0.0,0.0,1.0,0.0,0.0,1.0,1
778,-1.348220860786391,1.6937447717456857,-1.2188198637618686,-0.053082077111745826,1.0198752744041848,0.0,1.0,0.0,0.0,0.0,1.0,0.0,0.0,0.0,1.0,0.0,0.0,0
779,-0.7984875842170165,-0.49582775569696064,0.21365338506209405,1.1113177498527893,0.7059588342813161,1.0,0.0,0.0,0.0,0.0,1.0,0.0,0.0,0.0,1.0,0.0,0.0,0
780,1.2630122029181383,-0.059164144375643976,0.10621789140029686,1.2859777238974694,-0.5693267037178377,1.0,0.0,0.0,0.0,0.0,0.0,0.0,1.0,0.0,1.0,0.0,0.0,0
781,1.3317288624893102,-0.4362761274379986,0.21365338506209405,-0.7226119776163535,0.37242261665076826,0.0,1.0,0.0,0.0,0.0,0.0,1.0,0.0,0.0,1.0,0.0,0.0,0
782,0.5071289476352483,-0.9778703054788128,-1.505314513526661,-0.373292029526993,-1.0794409189174992,0.0,1.0,0.0,0.0,1.0,0.0,0.0,0.0,0.0,0.0,1.0,0.0,0
783,-1.348220860786391,-0.26865808665888435,-0.037029433482099396,0.20890788395527457,-0.05921248851817611,0.0,1.0,0.0,0.0,0.0,0.0,1.0,0.0,0.0,0.0,0.0,1.0,0
784,-1.348220860786391,2.4245079450096214,-0.6458305642322835,-0.3150720381787662,0.8531071655889109,1.0,0.0,0.0,1.0,0.0,0.0,0.0,0.0,0.0,1.0,0.0,0.0,0
785,-0.11132098850529819,1.3584259194125592,-0.0012176022615003296,-1.071931925705714,-0.6772354800100737,1.0,0.0,0.0,0.0,0.0,1.0,0.0,0.0,0.0,0.0,0.0,1.0,1
786,0.3009789689217328,-0.8863930449772547,-0.896513382776477,-0.6352819905940134,-0.06902237727201575,1.0,0.0,0.0,0.0,1.0,0.0,0.0,0.0,0.0,1.0,0.0,0.0,0
787,-1.6918041586422503,0.6139916805765914,-0.14446492714389658,-0.28596204250465285,-0.559516814963998,0.0,1.0,0.0,0.0,1.0,0.0,0.0,0.0,0.0,0.0,0.0,1.0,0
788,0.644562266777592,-0.8649798566552255,0.5001480348268865,0.09246790125882107,-1.638604577886359,0.0,1.0,0.0,0.0,0.0,0.0,1.0,0.0,0.0,0.0,0.0,1.0,0
789,0.16354564977938912,-1.8097449241372667,-1.469502682306062,1.4897476936162632,-0.05921248851817611,0.0,1.0,0.0,0.0,0.0,1.0,0.0,0.0,0.0,0.0,0.0,1.0,1
790,-1.7605208182134222,0.985897437448735,1.0731373343564716,0.1797978882811612,1.6869477096652805,1.0,0.0,0.0,0.0,1.0,0.0,0.0,0.0,0.0,0.0,0.0,1.0,1
791,-1.4856541799287348,1.1264672111100988,0.8224545158122781,-0.3441820338528796,-0.11807182104121397,0.0,1.0,0.0,0.0,0.0,0.0,1.0,0.0,0.0,0.0,1.0,0.0,0
792,-0.18003764807647002,1.0124363032203034,-1.505314513526661,0.5873378277187485,-1.226589250225094,1.0,0.0,0.0,0.0,1.0,0.0,0.0,0.0,0.0,1.0,0.0,0.0,0
793,0.7819955859199356,-0.5033526746014203,-1.469502682306062,0.9657677714822224,-1.5895551341171608,1.0,0.0,0.0,0.0,1.0,0.0,0.0,0.0,0.0,1.0,0.0,0.0,0
794,1.1255788837757947,-0.2002888710848118,1.323820152900665,-0.19863205548231272,-0.49084759368712044,0.0,1.0,0.0,0.0,0.0,0.0,0.0,0.0,1.0,1.0,0.0,0.0,0
795,-0.24875430764764184,0.7161747019763294,-0.6816423954528825,0.00513791423648093,1.7654268196959977,0.0,1.0,0.0,0.0,0.0,1.0,0.0,0.0,0.0,0.0,0.0,1.0,0
796,-0.7297709246458447,0.35793556660776704,1.359631984121264,-0.9554919430092605,-0.37312892864104474,0.0,1.0,0.0,0.0,1.0,0.0,0.0,0.0,0.0,0.0,0.0,1.0,0
797,1.6753121603451695,-0.42713134558319177,0.07040606017969779,1.2859777238974694,1.8242861522190357,0.0,1.0,0.0,1.0,0.0,0.0,0.0,0.0,0.0,0.0,0.0,1.0,0
798,-0.18003764807647002,-1.65246212004924,-0.5025832393498872,1.3150877195715829,-0.0003531559951382406,0.0,1.0,0.0,0.0,0.0,0.0,1.0,0.0,0.0,1.0,0.0,0.0,0
799,-0.6610542650746728,0.08033794184039478,-0.7174542266734816,-1.1010419213798275,0.9806357193888262,1.0,0.0,0.0,0.0,0.0,0.0,1.0,0.0,0.0,1.0,0.0,0.0,0
800,-0.18003764807647002,1.045390737309279,0.6433953597092829,-0.4897320122234465,1.0591148294195434,0.0,1.0,0.0,0.0,0.0,0.0,1.0,0.0,0.0,0.0,0.0,1.0,1
801,-1.7605208182134222,-1.2310144435951946,-1.3262553574236657,-0.7517219732904669,-1.6484144666401985,0.0,1.0,0.0,0.0,0.0,1.0,0.0,0.0,0.0,0.0,0.0,1.0,0
802,-0.7297709246458447,0.6051779818213749,-0.28771225202629286,1.4897476936162632,-1.7268935766709157,1.0,0.0,0.0,0.0,0.0,0.0,0.0,0.0,1.0,1.0,0.0,0.0,0
803,0.02611233063704547,0.29798619422245143,-0.46677140812928813,-1.4794718651433014,1.5496092671115256,0.0,1.0,0.0,0.0,1.0,0.0,0.0,0.0,0.0,1.0,0.0,0.0,0
804,1.469162181631654,0.7165574473716618,-1.1471962013206705,-0.9846019386833739,1.5888488221268842,0.0,1.0,0.0,0.0,0.0,0.0,1.0,0.0,0.0,1.0,0.0,0.0,1
805,0.8507122454911075,0.8383743631874065,-0.46677140812928813,-0.6061719949199,-1.275638693994292,1.0,0.0,0.0,0.0,0.0,0.0,1.0,0.0,0.0,1.0,0.0,0.0,0
806,0.988145564633451,-0.7279336737668567,0.177841553841495,0.23801787962938795,0.5588105029737215,1.0,0.0,0.0,0.0,0.0,1.0,0.0,0.0,0.0,0.0,0.0,1.0,0
807,0.16354564977938912,-1.6503500765179573,0.715019022150481,-0.839051960312807,1.5594191558653652,1.0,0.0,0.0,0.0,0.0,0.0,1.0,0.0,0.0,0.0,1.0,0.0,0
808,-1.416937520357563,-0.5670017339720974,-1.3978790198648638,0.15068789260704782,1.647708154649922,1.0,0.0,0.0,0.0,0.0,0.0,1.0,0.0,0.0,0.0,0.0,1.0,0
809,-0.3861876267899855,0.8555245788479251,-0.0012176022615003296,0.8784377844598823,-0.6870453687639133,0.0,1.0,0.0,0.0,0.0,0.0,0.0,0.0,1.0,1.0,0.0,0.0,1
810,1.7440288199163412,-0.5754854606448355,1.3954438153418631,1.169537741201016,1.1768334944656191,1.0,0.0,0.0,0.0,1.0,0.0,0.0,0.0,0.0,0.0,0.0,1.0,0
811,-1.6230874990710784,-0.7275120427725787,0.75083085337108,-1.363031882446848,0.5588105029737215,0.0,1.0,0.0,0.0,1.0,0.0,0.0,0.0,0.0,0.0,0.0,1.0,0
812,1.3317288624893102,-1.854723896437223,1.5745029714448584,-1.217481904076281,1.569229044619205,1.0,0.0,0.0,0.0,0.0,0.0,0.0,1.0,0.0,1.0,0.0,0.0,0
813,0.644562266777592,1.7189720818156868,-0.18027675836449564,-1.363031882446848,-1.226589250225094,1.0,0.0,0.0,1.0,0.0,0.0,0.0,0.0,0.0,0.0,1.0,0.0,0
814,-0.7984875842170165,0.7921166101907091,1.2163846592388678,1.4606376979421498,0.4018522829122872,0.0,1.0,0.0,0.0,0.0,0.0,0.0,1.0,0.0,1.0,0.0,0.0,0
815,0.988145564633451,0.7363035545160537,0.8582663470328772,0.5582278320446351,-1.6680342441478777,0.0,1.0,0.0,0.0,0.0,0.0,0.0,1.0,0.0,1.0,0.0,0.0,0
816,1.1942955433469666,0.9341162628761444,0.2852770475032922,0.15068789260704782,-0.47122781617944115,1.0,0.0,0.0,0.0,1.0,0.0,0.0,0.0,0.0,1.0,0.0,0.0,0
817,-1.6230874990710784,0.5431321201443545,-1.0755725388794721,1.0530977585045624,-1.7072737991632363,1.0,0.0,0.0,0.0,0.0,0.0,0.0,1.0,0.0,1.0,0.0,0.0,0
818,-1.416937520357563,-0.27783564351851664,0.2852770475032922,0.3253478666517281,-0.1671212648104122,0.0,1.0,0.0,1.0,0.0,0.0,0.0,0.0,0.0,0.0,1.0,0.0,1
819,0.5758456072064201,-0.1972774592007814,1.5028793090036603,-0.8681619559869204,1.1572137169579397,1.0,0.0,0.0,0.0,1.0,0.0,0.0,0.0,0.0,1.0,0.0,0.0,1
820,1.7440288199163412,-0.4610556976115733,1.789373958768453,0.06335790558470769,0.6078599467429198,0.0,1.0,0.0,0.0,0.0,1.0,0.0,0.0,0.0,1.0,0.0,0.0,1
821,-1.6918041586422503,2.6009902358225805,-0.10865309592329753,0.7328878060893154,-0.6183761474870358,1.0,0.0,0.0,0.0,0.0,0.0,1.0,0.0,0.0,1.0,0.0,0.0,0
822,0.5758456072064201,0.5223377683541106,-0.8248897203352787,-1.5668018521656415,-0.22598059733345005,0.0,1.0,0.0,0.0,0.0,0.0,1.0,0.0,0.0,1.0,0.0,0.0,0
823,-1.2795042012152194,-0.497288743200189,0.9657018406946744,0.41267785367406823,-0.4319882611640826,0.0,1.0,0.0,0.0,0.0,0.0,0.0,0.0,1.0,1.0,0.0,0.0,0
824,0.5071289476352483,-0.014843171960697,-1.433690851085463,0.03424790991059431,0.8727269430965902,1.0,0.0,0.0,0.0,1.0,0.0,0.0,0.0,0.0,1.0,0.0,0.0,1
825,0.43841228806407645,-1.0443107953452015,-1.1830080325412695,-1.450361869469188,-0.7949541450561495,0.0,1.0,0.0,0.0,0.0,0.0,0.0,0.0,1.0,0.0,0.0,1.0,0
826,-1.4856541799287348,1.470851963083029,0.2852770475032922,-0.7808319689645803,-1.4227870253018866,1.0,0.0,0.0,0.0,0.0,1.0,0.0,0.0,0.0,1.0,0.0,0.0,0
827,0.644562266777592,-0.6945403879183557,1.825185789989052,-0.14041206413408597,0.05850617652789963,0.0,1.0,0.0,0.0,0.0,0.0,0.0,1.0,0.0,0.0,0.0,1.0,0
828,1.4004455220604821,0.4675157399440021,-0.5383950705704863,-0.5188420078975599,1.2160730494809777,1.0,0.0,0.0,0.0,0.0,0.0,0.0,0.0,1.0,1.0,0.0,0.0,1
829,1.2630122029181383,1.0323601731027305,-0.14446492714389658,-0.6935019819422401,-0.03959271101049682,0.0,1.0,0.0,1.0,0.0,0.0,0.0,0.0,0.0,0.0,0.0,1.0,1
830,-1.6918041586422503,0.35120835799024147,-0.5742069017910854,0.5582278320446351,-1.0205815863944612,0.0,1.0,0.0,0.0,0.0,0.0,1.0,0.0,0.0,0.0,1.0,0.0,1
831,-0.9359209033593602,0.06093458347527768,-0.0012176022615003296,-0.28596204250465285,-1.5895551341171608,1.0,0.0,0.0,0.0,0.0,1.0,0.0,0.0,0.0,1.0,0.0,0.0,0
832,-0.9359209033593602,-0.022726116129731074,-1.6843736696296563,0.03424790991059431,1.6280883771422427,1.0,0.0,0.0,0.0,1.0,0.0,0.0,0.0,0.0,1.0,0.0,0.0,0
833,-0.18003764807647002,-0.08996376077449748,0.39271254116508936,1.0530977585045624,0.9708258306349866,1.0,0.0,0.0,1.0,0.0,0.0,0.0,0.0,0.0,0.0,1.0,0.0,0
834,-1.2795042012152194,-0.6101769699895507,0.4285243723856884,-1.363031882446848,-1.197159583963575,0.0,0.0,1.0,0.0,0.0,0.0,0.0,0.0,1.0,1.0,0.0,0.0,0
835,1.2630122029181383,-0.4829727321942214,-0.5742069017910854,-0.4606220165493331,-1.4914562465787642,0.0,0.0,1.0,0.0,0.0,0.0,1.0,0.0,0.0,0.0,0.0,1.0,1
836,0.02611233063704547,1.445937959838816,-0.7532660578940806,-1.450361869469188,-1.2854485827481317,1.0,0.0,0.0,1.0,0.0,0.0,0.0,0.0,0.0,1.0,0.0,0.0,0
837,1.1255788837757947,-0.1420549091215374,1.0015136719152735,1.5188576892903767,-0.4025585949025637,0.0,1.0,0.0,0.0,1.0,0.0,0.0,0.0,0.0,1.0,0.0,0.0,0
838,-1.0733542225017039,-0.8192570583983028,-1.039760707658873,-1.0428219300316006,1.1572137169579397,1.0,0.0,0.0,0.0,0.0,0.0,0.0,0.0,1.0,0.0,0.0,1.0,0
839,-1.7605208182134222,-0.5497815242334774,-1.54112634474726,1.1404277455269027,-1.1775398064558955,1.0,0.0,0.0,0.0,1.0,0.0,0.0,0.0,0.0,0.0,1.0,0.0,0
840,1.469162181631654,1.0667500413013415,-1.54112634474726,-1.0428219300316006,1.1768334944656191,0.0,1.0,0.0,0.0,0.0,1.0,0.0,0.0,0.0,1.0,0.0,0.0,0
841,-0.7297709246458447,0.6420220868219874,1.4312556465624622,-0.5770619992457866,-1.7465133541785949,0.0,1.0,0.0,0.0,0.0,1.0,0.0,0.0,0.0,0.0,0.0,1.0,0
842,0.5758456072064201,0.5267546168857329,-0.39514774568809,0.41267785367406823,0.8923467206042694,1.0,0.0,0.0,0.0,0.0,0.0,0.0,1.0,0.0,0.0,0.0,1.0,1
843,1.469162181631654,-0.2910267496978538,-1.3262553574236657,1.169537741201016,-0.7360948125331116,1.0,0.0,0.0,0.0,0.0,0.0,0.0,0.0,1.0,1.0,0.0,0.0,0
844,-1.6918041586422503,0.5397862921093952,1.4312556465624622,-1.071931925705714,1.6869477096652805,1.0,0.0,0.0,0.0,1.0,0.0,0.0,0.0,0.0,1.0,0.0,0.0,0
845,-1.7605208182134222,-0.6770340912732099,-1.1830080325412695,-0.9554919430092605,-0.04940259976433646,0.0,0.0,1.0,0.0,0.0,1.0,0.0,0.0,0.0,1.0,0.0,0.0,0
846,-1.7605208182134222,-0.29311935042966425,-0.5025832393498872,1.3441977152456963,-0.7851442563023098,1.0,0.0,0.0,0.0,0.0,0.0,0.0,1.0,0.0,1.0,0.0,0.0,0
847,-1.2107875416440474,0.9361949758940454,-1.6127500071884582,-0.5770619992457866,-0.8832431438407062,0.0,1.0,0.0,1.0,0.0,0.0,0.0,0.0,0.0,0.0,0.0,1.0,0
848,-1.6230874990710784,0.8406763906449648,0.715019022150481,-0.9846019386833739,1.2062631607271381,0.0,1.0,0.0,0.0,0.0,0.0,0.0,1.0,0.0,1.0,0.0,0.0,1
849,1.1255788837757947,-1.0153543563363523,-0.0012176022615003296,0.8784377844598823,-0.3044597073641672,0.0,1.0,0.0,1.0,0.0,0.0,0.0,0.0,0.0,1.0,0.0,0.0,0
850,0.3696956284929046,-0.8889817148498951,0.9657018406946744,-1.3921418781209611,-0.49084759368712044,0.0,1.0,0.0,0.0,1.0,0.0,0.0,0.0,0.0,0.0,0.0,1.0,1
851,1.6753121603451695,2.7768961865083175,-0.7532660578940806,1.3150877195715829,0.8825368318504297,1.0,0.0,0.0,1.0,0.0,0.0,0.0,0.0,0.0,0.0,0.0,1.0,0
852,1.0568622242046228,1.6924587694377113,-0.5383950705704863,1.3441977152456963,0.17622484157397536,1.0,0.0,0.0,0.0,0.0,0.0,1.0,0.0,0.0,0.0,0.0,1.0,0
853,1.6753121603451695,-1.9489303704761798,1.6103148026654575,1.2568677282233562,0.6274797242505991,0.0,1.0,0.0,0.0,0.0,0.0,1.0,0.0,0.0,0.0,0.0,1.0,0
854,-0.9359209033593602,0.24478180672846497,1.2163846592388678,-0.6643919862681268,-0.15731137605657255,0.0,1.0,0.0,0.0,0.0,0.0,0.0,1.0,0.0,1.0,0.0,0.0,0
855,-0.7984875842170165,-1.4094543465607685,-1.5769381759678591,-1.304811891098621,-0.05921248851817611,1.0,0.0,0.0,0.0,1.0,0.0,0.0,0.0,0.0,0.0,0.0,1.0,1
856,1.2630122029181383,-0.667804872117836,0.75083085337108,-0.2277420511564261,-1.7268935766709157,0.0,1.0,0.0,1.0,0.0,0.0,0.0,0.0,0.0,1.0,0.0,0.0,0
857,-0.9359209033593602,-0.3979249277239803,1.1805728280182688,-0.5479520035716733,-1.60917491162484,1.0,0.0,0.0,0.0,0.0,0.0,0.0,1.0,0.0,1.0,0.0,0.0,0
858,-1.6230874990710784,-0.454000183437238,0.2852770475032922,1.6352976719868302,0.30375339537389073,0.0,1.0,0.0,0.0,0.0,0.0,1.0,0.0,0.0,1.0,0.0,0.0,0
859,0.5758456072064201,-0.5672783772331651,0.5717716972680846,0.5000078406964084,0.08793584278941856,1.0,0.0,0.0,0.0,1.0,0.0,0.0,0.0,0.0,0.0,0.0,1.0,1
860,1.0568622242046228,-0.026320811997940032,-1.6843736696296563,1.5770776806386033,0.9217763868657883,0.0,1.0,0.0,0.0,1.0,0.0,0.0,0.0,0.0,0.0,0.0,1.0,0
861,1.6753121603451695,-0.5687376982107241,-1.6127500071884582,0.9075477801339956,1.4515103795731292,0.0,1.0,0.0,0.0,0.0,0.0,0.0,0.0,1.0,1.0,0.0,0.0,1
862,0.02611233063704547,-1.495860924959868,-1.5769381759678591,0.7911077974375421,-1.1284903626866973,0.0,1.0,0.0,0.0,0.0,0.0,0.0,0.0,1.0,0.0,1.0,0.0,0
863,-1.348220860786391,0.7462760441198373,-1.1471962013206705,-1.304811891098621,1.677137820911441,1.0,0.0,0.0,0.0,1.0,0.0,0.0,0.0,0.0,0.0,1.0,0.0,1
864,0.988145564633451,0.7192811058234974,1.825185789989052,-1.450361869469188,1.5888488221268842,0.0,1.0,0.0,0.0,0.0,0.0,0.0,0.0,1.0,1.0,0.0,0.0,0
865,1.1942955433469666,0.809575688608564,0.5359598660474856,-1.537691856491528,0.4509017266814854,0.0,1.0,0.0,0.0,0.0,0.0,0.0,0.0,1.0,0.0,0.0,1.0,0
866,0.7132789263487638,-1.5741315250425105,1.0731373343564716,0.3544578623258415,0.14679517531245642,1.0,0.0,0.0,1.0,0.0,0.0,0.0,0.0,0.0,1.0,0.0,0.0,1
867,1.1255788837757947,0.2653656207758482,-0.6458305642322835,-0.9846019386833739,-1.1186804739328577,0.0,1.0,0.0,0.0,0.0,0.0,0.0,0.0,1.0,0.0,1.0,0.0,0
868,1.1942955433469666,0.6423942775547488,1.6103148026654575,1.7226276590091703,-1.1088705851790182,0.0,1.0,0.0,1.0,0.0,0.0,0.0,0.0,0.0,1.0,0.0,0.0,0
869,-0.18003764807647002,-1.064642408507997,-1.003948876438274,-1.2465918997503944,-1.6876540216555571,0.0,1.0,0.0,0.0,1.0,0.0,0.0,0.0,0.0,1.0,0.0,0.0,0
870,-1.6230874990710784,-0.024354867216980138,1.5028793090036603,1.5770776806386033,0.5588105029737215,0.0,1.0,0.0,1.0,0.0,0.0,0.0,0.0,0.0,1.0,0.0,0.0,0
871,-0.18003764807647002,-0.1497842551747378,-1.5769381759678591,0.6164478233928619,-0.19655093107193114,0.0,1.0,0.0,0.0,0.0,0.0,1.0,0.0,0.0,1.0,0.0,0.0,0
872,-1.0733542225017039,1.8084672877881505,-0.0012176022615003296,-1.3339218867727345,-1.0598211414098198,1.0,0.0,0.0,0.0,0.0,0.0,1.0,0.0,0.0,0.0,0.0,1.0,0
873,0.02611233063704547,1.8908058770290206,-1.433690851085463,-1.5085818608174146,-1.275638693994292,0.0,1.0,0.0,0.0,0.0,1.0,0.0,0.0,0.0,1.0,0.0,0.0,1
874,-1.348220860786391,-1.697743289003856,1.1089491655770707,-0.3150720381787662,-1.5208859128402832,1.0,0.0,0.0,0.0,0.0,0.0,0.0,1.0,0.0,1.0,0.0,0.0,1
875,0.7132789263487638,2.4601888150932143,-0.7890778891146797,-0.5188420078975599,0.5391907254660422,0.0,0.0,1.0,0.0,1.0,0.0,0.0,0.0,0.0,0.0,0.0,1.0,0
876,0.02611233063704547,-0.9486755532992849,-0.10865309592329753,-0.6061719949199,0.7059588342813161,0.0,1.0,0.0,0.0,0.0,0.0,0.0,0.0,1.0,0.0,1.0,0.0,0
877,0.16354564977938912,0.9470629452906828,-0.037029433482099396,0.12157789693293444,0.5097610592045233,1.0,0.0,0.0,1.0,0.0,0.0,0.0,0.0,0.0,0.0,0.0,1.0,1
878,0.8507122454911075,0.9368882505723839,1.1089491655770707,-1.2465918997503944,-1.3541178040250093,1.0,0.0,0.0,0.0,1.0,0.0,0.0,0.0,0.0,1.0,0.0,0.0,0
879,0.16354564977938912,-1.029133190568319,-0.46677140812928813,-1.2465918997503944,-1.5993650228710004,1.0,0.0,0.0,0.0,1.0,0.0,0.0,0.0,0.0,1.0,0.0,0.0,0
880,0.43841228806407645,0.4596986235388974,-1.6843736696296563,0.703777810415202,-1.3737375815326884,0.0,1.0,0.0,0.0,0.0,0.0,1.0,0.0,0.0,1.0,0.0,0.0,0
881,-1.4856541799287348,-0.14105221617730648,-0.3235240832468919,1.7226276590091703,0.9413961643734676,0.0,1.0,0.0,0.0,0.0,1.0,0.0,0.0,0.0,0.0,1.0,0.0,0
882,1.2630122029181383,0.520755679985596,-0.6816423954528825,-0.7517219732904669,0.902156609358109,0.0,1.0,0.0,0.0,1.0,0.0,0.0,0.0,0.0,0.0,0.0,1.0,0
883,-0.18003764807647002,0.19712528318685127,0.8940781782534762,1.5188576892903767,-0.696855257517753,1.0,0.0,0.0,0.0,0.0,0.0,0.0,0.0,1.0,0.0,0.0,1.0,0
884,-1.2107875416440474,1.1627108113612854,0.9657018406946744,-0.4897320122234465,-1.5503155791018022,0.0,0.0,1.0,0.0,0.0,0.0,0.0,1.0,0.0,0.0,1.0,0.0,1
885,1.1255788837757947,0.04186564126108985,-1.3620671886442648,-0.5479520035716733,-0.6085662587331963,1.0,0.0,0.0,0.0,0.0,0.0,1.0,0.0,0.0,1.0,0.0,0.0,0
886,0.8507122454911075,-0.2013871115007368,1.1089491655770707,-1.3921418781209611,1.1474038282041001,0.0,1.0,0.0,0.0,0.0,0.0,0.0,1.0,0.0,0.0,0.0,1.0,0
887,-1.6230874990710784,1.0624442944809913,-1.469502682306062,-0.2277420511564261,-1.2363991389789335,1.0,0.0,0.0,0.0,0.0,0.0,1.0,0.0,0.0,1.0,0.0,0.0,0
888,-1.0733542225017039,0.546819585941476,0.5001480348268865,0.03424790991059431,1.098354384434902,0.0,1.0,0.0,0.0,1.0,0.0,0.0,0.0,0.0,1.0,0.0,0.0,0
889,-1.7605208182134222,0.6982239984860952,-0.3235240832468919,0.5873378277187485,-0.08864215477969505,1.0,0.0,0.0,0.0,0.0,0.0,1.0,0.0,0.0,1.0,0.0,0.0,1
890,-0.7984875842170165,-0.6980578680972306,-0.6458305642322835,-1.1592619127280541,-1.246209027732773,0.0,1.0,0.0,1.0,0.0,0.0,0.0,0.0,0.0,1.0,0.0,0.0,0
891,-1.416937520357563,-1.078701774560926,-0.0012176022615003296,-1.0428219300316006,1.5888488221268842,1.0,0.0,0.0,0.0,0.0,0.0,0.0,0.0,1.0,0.0,1.0,0.0,1
892,0.7132789263487638,-0.014843171960697,-0.6100187330116844,-0.19863205548231272,-0.05921248851817611,1.0,0.0,0.0,0.0,1.0,0.0,0.0,0.0,0.0,1.0,0.0,0.0,0
893,0.0948289902082173,-0.6542960150442606,1.1089491655770707,-1.450361869469188,0.6569093905121179,0.0,1.0,0.0,0.0,0.0,0.0,0.0,1.0,0.0,0.0,1.0,0.0,0
894,1.6753121603451695,0.7526055086110094,1.7177502963272546,-1.1883719084021676,-1.4031672477942074,0.0,1.0,0.0,0.0,1.0,0.0,0.0,0.0,0.0,0.0,0.0,1.0,0
895,0.8507122454911075,0.9423738975664442,1.1805728280182688,0.470897845022295,-0.422178372410243,1.0,0.0,0.0,0.0,0.0,0.0,0.0,0.0,1.0,0.0,0.0,1.0,0
896,0.3696956284929046,-0.18864485623493865,-0.14446492714389658,1.6061876763127168,0.5097610592045233,0.0,1.0,0.0,0.0,0.0,1.0,0.0,0.0,0.0,0.0,1.0,0.0,1
897,0.02611233063704547,1.3972704107246254,0.07040606017969779,0.2962378709776147,0.5588105029737215,1.0,0.0,0.0,0.0,0.0,0.0,0.0,0.0,1.0,1.0,0.0,0.0,0
898,-1.6230874990710784,1.3348262494126946,-0.10865309592329753,-1.1883719084021676,-1.5306958015941228,1.0,0.0,0.0,0.0,0.0,0.0,1.0,0.0,0.0,1.0,0.0,0.0,0
899,-1.5543708394999067,0.20985087319595844,1.1089491655770707,1.7226276590091703,0.41166217166612684,1.0,0.0,0.0,0.0,1.0,0.0,0.0,0.0,0.0,1.0,0.0,0.0,0
900,0.43841228806407645,-0.8553495603221593,0.2494652162826931,0.12157789693293444,1.6280883771422427,0.0,1.0,0.0,0.0,0.0,1.0,0.0,0.0,0.0,1.0,0.0,0.0,0
901,-1.7605208182134222,1.5417159675837169,-0.037029433482099396,0.7911077974375421,1.068924718173383,0.0,1.0,0.0,0.0,0.0,0.0,0.0,0.0,1.0,0.0,1.0,0.0,1
902,-1.6230874990710784,-0.09453948475323892,-0.25190042080569375,-1.0137119343574872,-1.0107716976406216,0.0,1.0,0.0,0.0,0.0,1.0,0.0,0.0,0.0,1.0,0.0,0.0,0
903,-1.004637562930532,0.09262690212420253,-0.35933591446749097,0.2962378709776147,-0.05921248851817611,0.0,0.0,1.0,0.0,1.0,0.0,0.0,0.0,0.0,1.0,0.0,0.0,0
904,0.02611233063704547,-0.37310369440867897,0.2494652162826931,-1.4212518737950746,0.6961489455274765,0.0,1.0,0.0,0.0,0.0,0.0,1.0,0.0,0.0,1.0,0.0,0.0,0
905,-0.18003764807647002,-0.9232427050634309,0.75083085337108,0.470897845022295,-1.5503155791018022,0.0,1.0,0.0,0.0,0.0,1.0,0.0,0.0,0.0,1.0,0.0,0.0,0
906,0.7132789263487638,-1.5020426241750477,-0.18027675836449564,-0.9846019386833739,-1.2952584715019713,0.0,1.0,0.0,1.0,0.0,0.0,0.0,0.0,0.0,0.0,0.0,1.0,0
907,0.02611233063704547,0.5992873690897282,1.1447609967976697,1.4606376979421498,1.5496092671115256,0.0,0.0,1.0,1.0,0.0,0.0,0.0,0.0,0.0,1.0,0.0,0.0,0
908,-1.1420708820728755,-0.8168622610118325,1.2163846592388678,-1.5085818608174146,-1.000961808886782,0.0,1.0,0.0,0.0,0.0,1.0,0.0,0.0,0.0,0.0,0.0,1.0,0
909,-0.4549042863611573,2.7768961865083175,-0.18027675836449564,0.5582278320446351,-1.4031672477942074,1.0,0.0,0.0,0.0,1.0,0.0,0.0,0.0,0.0,1.0,0.0,0.0,0
910,-1.4856541799287348,-1.119508877602614,1.5028793090036603,-1.217481904076281,-0.13769159854889326,0.0,1.0,0.0,0.0,0.0,1.0,0.0,0.0,0.0,0.0,0.0,1.0,0
911,0.988145564633451,-1.2908032740077224,-1.0755725388794721,0.6746678147410886,0.12717539780477713,1.0,0.0,0.0,0.0,1.0,0.0,0.0,0.0,0.0,1.0,0.0,0.0,1
912,-1.1420708820728755,0.4765683073784537,1.6103148026654575,0.00513791423648093,0.30375339537389073,0.0,0.0,1.0,0.0,0.0,1.0,0.0,0.0,0.0,0.0,0.0,1.0,0
913,-0.4549042863611573,1.4956565311416397,-0.6458305642322835,1.6644076676609434,0.6078599467429198,1.0,0.0,0.0,0.0,1.0,0.0,0.0,0.0,0.0,1.0,0.0,0.0,0
914,1.6753121603451695,0.031056555771426516,0.2852770475032922,0.5582278320446351,1.8242861522190357,1.0,0.0,0.0,0.0,0.0,0.0,0.0,0.0,1.0,1.0,0.0,0.0,0
915,0.3009789689217328,0.5386663868597722,-0.6816423954528825,-0.40240202520110635,0.9708258306349866,0.0,1.0,0.0,0.0,1.0,0.0,0.0,0.0,0.0,0.0,0.0,1.0,0
916,-0.18003764807647002,-1.8769186852980513,-0.14446492714389658,-1.3921418781209611,-1.6582243553940381,1.0,0.0,0.0,0.0,0.0,0.0,1.0,0.0,0.0,0.0,0.0,1.0,1
917,0.16354564977938912,-0.7109817746609585,-0.5025832393498872,0.3544578623258415,-1.4325969140557264,1.0,0.0,0.0,0.0,0.0,0.0,1.0,0.0,0.0,1.0,0.0,0.0,0
918,0.988145564633451,-1.1070521537347857,0.7866426845916791,-0.16952205980819934,-1.7465133541785949,1.0,0.0,0.0,0.0,0.0,1.0,0.0,0.0,0.0,0.0,1.0,0.0,0
919,0.02611233063704547,-1.9284132174555602,-1.3978790198648638,-1.5085818608174146,-0.33388937362568616,1.0,0.0,0.0,0.0,0.0,0.0,1.0,0.0,0.0,1.0,0.0,0.0,1
920,0.5071289476352483,0.08344267916189375,1.252196490459467,0.3253478666517281,-0.5006574824409601,0.0,0.0,1.0,0.0,0.0,0.0,0.0,0.0,1.0,0.0,0.0,1.0,1
921,1.3317288624893102,-2.276165462297148,1.5028793090036603,-0.9846019386833739,1.5888488221268842,1.0,0.0,0.0,0.0,0.0,1.0,0.0,0.0,0.0,0.0,1.0,0.0,1
922,0.23226230935056097,-1.355611679735524,0.2852770475032922,-0.8972719516610338,-0.44179814991792227,1.0,0.0,0.0,0.0,0.0,0.0,0.0,0.0,1.0,0.0,0.0,1.0,0
923,-0.18003764807647002,-0.5706758675638659,0.2494652162826931,-1.6541318391879816,-1.638604577886359,0.0,1.0,0.0,0.0,0.0,0.0,0.0,1.0,0.0,0.0,1.0,0.0,0
924,-1.2795042012152194,-0.8647432100102158,0.7866426845916791,-0.40240202520110635,1.4122708245577706,0.0,1.0,0.0,0.0,0.0,0.0,0.0,1.0,0.0,0.0,0.0,1.0,0
925,-0.9359209033593602,0.36284737326310756,-1.003948876438274,-0.9554919430092605,-0.8243838113176684,0.0,1.0,0.0,0.0,0.0,0.0,0.0,0.0,1.0,0.0,0.0,1.0,0
926,1.6065955007739976,0.2720267238751675,0.9657018406946744,-1.450361869469188,1.5201796008500066,0.0,1.0,0.0,0.0,0.0,0.0,0.0,0.0,1.0,0.0,0.0,1.0,0
927,0.16354564977938912,0.8601958502983614,-0.932325213997076,3.338232418922463,1.0198752744041848,0.0,1.0,0.0,0.0,0.0,0.0,0.0,0.0,1.0,0.0,0.0,1.0,1
928,-0.7297709246458447,0.7187928138024569,-0.0012176022615003296,-0.9263819473351471,1.4024609358039308,0.0,1.0,0.0,0.0,0.0,0.0,1.0,0.0,0.0,1.0,0.0,0.0,0
929,-0.3174709672188137,1.1071888421701632,-0.6100187330116844,-1.2465918997503944,1.1866433832194587,1.0,0.0,0.0,0.0,0.0,0.0,0.0,0.0,1.0,0.0,0.0,1.0,0
930,0.3009789689217328,-0.03544559554471825,0.9298900094740753,-0.0821920727858592,-1.2363991389789335,0.0,1.0,0.0,1.0,0.0,0.0,0.0,0.0,0.0,1.0,0.0,0.0,0
931,0.0948289902082173,0.269913569326772,1.1089491655770707,-1.4794718651433014,0.490141281696844,1.0,0.0,0.0,1.0,0.0,0.0,0.0,0.0,0.0,0.0,1.0,0.0,0
932,0.7132789263487638,0.47794319105544597,-0.9681370452176751,1.7226276590091703,-0.2750300411026483,1.0,0.0,0.0,0.0,0.0,0.0,1.0,0.0,0.0,1.0,0.0,0.0,0
933,-0.8672042437881883,0.10811725821831591,0.5001480348268865,-0.053082077111745826,0.4999511704506836,0.0,1.0,0.0,1.0,0.0,0.0,0.0,0.0,0.0,1.0,0.0,0.0,0
934,0.5071289476352483,-0.4306882668695682,0.07040606017969779,1.7517376546832837,0.9217763868657883,0.0,1.0,0.0,1.0,0.0,0.0,0.0,0.0,0.0,0.0,1.0,0.0,0
935,-0.18003764807647002,-0.3659420781000791,-0.6458305642322835,1.3441977152456963,0.038886399020220334,0.0,1.0,0.0,0.0,1.0,0.0,0.0,0.0,0.0,1.0,0.0,0.0,0
936,1.5378788412028257,-0.8510165935825471,0.39271254116508936,1.6935176633350568,-0.6281860362408754,0.0,0.0,1.0,0.0,0.0,1.0,0.0,0.0,0.0,1.0,0.0,0.0,0
937,-1.2107875416440474,0.38805357400796675,1.825185789989052,0.1797978882811612,1.5299894896038464,0.0,1.0,0.0,0.0,0.0,0.0,0.0,0.0,1.0,0.0,0.0,1.0,0
938,-1.2795042012152194,-0.12753447096682907,-1.6843736696296563,-0.2277420511564261,0.6274797242505991,1.0,0.0,0.0,0.0,0.0,0.0,0.0,1.0,0.0,1.0,0.0,0.0,0
939,-0.11132098850529819,-0.6966452098384057,1.6819384651066556,0.7911077974375421,-0.05921248851817611,1.0,0.0,0.0,1.0,0.0,0.0,0.0,0.0,0.0,1.0,0.0,0.0,0
940,0.02611233063704547,-0.6957163995321712,1.323820152900665,-1.4212518737950746,-0.9028629213483855,0.0,0.0,1.0,0.0,0.0,0.0,0.0,0.0,1.0,1.0,0.0,0.0,0
941,0.02611233063704547,-1.2438239153963122,0.177841553841495,1.1986477368751294,1.2455027157424967,0.0,1.0,0.0,0.0,0.0,0.0,0.0,0.0,1.0,1.0,0.0,0.0,0
942,-0.3174709672188137,0.9452308780718061,-0.0012176022615003296,-0.5770619992457866,-0.588946481225517,0.0,1.0,0.0,0.0,1.0,0.0,0.0,0.0,0.0,1.0,0.0,0.0,0
943,1.469162181631654,0.045083702328086436,-0.39514774568809,-1.683241834862095,-0.09845204353353469,0.0,1.0,0.0,0.0,0.0,1.0,0.0,0.0,0.0,1.0,0.0,0.0,1
944,-0.11132098850529819,-0.896254432869767,-1.2546316949824676,-0.8681619559869204,1.3337917145270535,0.0,1.0,0.0,0.0,0.0,1.0,0.0,0.0,0.0,1.0,0.0,0.0,0
945,-1.348220860786391,0.7749519513077248,0.32108887872389125,-0.8681619559869204,-0.4810377049332808,0.0,1.0,0.0,0.0,0.0,0.0,1.0,0.0,0.0,1.0,0.0,0.0,0
946,-1.348220860786391,-0.5939289002245617,1.1805728280182688,-1.6541318391879816,-0.8538134775791874,1.0,0.0,0.0,1.0,0.0,0.0,0.0,0.0,0.0,1.0,0.0,0.0,1
947,1.6753121603451695,-1.4399089921461223,-0.896513382776477,0.6164478233928619,1.5299894896038464,1.0,0.0,0.0,0.0,0.0,0.0,1.0,0.0,0.0,0.0,0.0,1.0,1
948,0.02611233063704547,-0.014843171960697,-0.0012176022615003296,-1.363031882446848,1.6967575984191203,1.0,0.0,0.0,0.0,0.0,0.0,0.0,1.0,0.0,0.0,0.0,1.0,0
949,1.6065955007739976,-0.5705792090750593,0.9657018406946744,1.2277577325492428,-0.6379959249947151,1.0,0.0,0.0,0.0,0.0,1.0,0.0,0.0,0.0,1.0,0.0,0.0,0
950,-0.7984875842170165,-0.014843171960697,1.0015136719152735,-0.14041206413408597,-0.05921248851817611,0.0,1.0,0.0,0.0,1.0,0.0,0.0,0.0,0.0,1.0,0.0,0.0,1
951,-1.4856541799287348,0.007649091732062607,-0.5025832393498872,0.7911077974375421,-0.9322925876099045,1.0,0.0,0.0,0.0,0.0,0.0,0.0,1.0,0.0,1.0,0.0,0.0,0
952,-0.7297709246458447,1.108965358533404,-0.3235240832468919,-0.5188420078975599,-1.6680342441478777,1.0,0.0,0.0,0.0,1.0,0.0,0.0,0.0,0.0,0.0,0.0,1.0,0
953,0.02611233063704547,-0.013491897397350166,-0.21608858958509472,-1.2465918997503944,0.2252742853431736,1.0,0.0,0.0,1.0,0.0,0.0,0.0,0.0,0.0,1.0,0.0,0.0,0
954,0.02611233063704547,-1.232543203142299,1.323820152900665,-1.071931925705714,-0.8341937000715081,1.0,0.0,0.0,0.0,0.0,0.0,0.0,1.0,0.0,1.0,0.0,0.0,1
955,0.988145564633451,0.510303786497672,1.5028793090036603,0.5291178363705217,1.2847422707578553,0.0,1.0,0.0,0.0,0.0,0.0,0.0,0.0,1.0,1.0,0.0,0.0,0
956,0.3696956284929046,-0.5184763950483359,-0.25190042080569375,0.7911077974375421,-0.05921248851817611,0.0,1.0,0.0,0.0,0.0,1.0,0.0,0.0,0.0,0.0,1.0,0.0,0
957,-0.3861876267899855,1.8542367487638074,1.7535621275478537,-0.7808319689645803,0.5195709479583629,0.0,1.0,0.0,0.0,0.0,0.0,0.0,0.0,1.0,0.0,1.0,0.0,0
958,0.5071289476352483,-0.03464677424067195,0.32108887872389125,-0.4606220165493331,0.05850617652789963,0.0,1.0,0.0,1.0,0.0,0.0,0.0,0.0,0.0,1.0,0.0,0.0,1
959,1.6753121603451695,-2.2683738992856353,-0.3235240832468919,1.5770776806386033,0.4410918379276458,1.0,0.0,0.0,0.0,0.0,0.0,1.0,0.0,0.0,1.0,0.0,0.0,0
960,-0.3174709672188137,0.3238073429392021,-1.6843736696296563,1.2568677282233562,-1.3443079152711694,0.0,1.0,0.0,0.0,1.0,0.0,0.0,0.0,0.0,1.0,0.0,0.0,1
961,-1.2795042012152194,1.910905843123814,0.4643362036062875,-0.25685204683053947,-0.0788322660258554,1.0,0.0,0.0,0.0,0.0,1.0,0.0,0.0,0.0,1.0,0.0,0.0,0
962,-0.3174709672188137,1.5422598104603944,0.5717716972680846,-0.8681619559869204,0.490141281696844,1.0,0.0,0.0,0.0,0.0,1.0,0.0,0.0,0.0,1.0,0.0,0.0,1
963,1.1942955433469666,1.7972721238518161,1.7177502963272546,-0.6643919862681268,-0.5300871487024791,0.0,1.0,0.0,0.0,0.0,0.0,0.0,0.0,1.0,1.0,0.0,0.0,1
964,-1.004637562930532,-1.0532011542811954,0.8582663470328772,0.1797978882811612,1.3828411582962516,0.0,1.0,0.0,0.0,0.0,0.0,0.0,1.0,0.0,0.0,0.0,1.0,0
965,1.6065955007739976,0.878547630966288,-1.6127500071884582,0.26712787530350135,0.14679517531245642,1.0,0.0,0.0,0.0,1.0,0.0,0.0,0.0,0.0,1.0,0.0,0.0,0
966,0.3009789689217328,-0.75546078926019,0.32108887872389125,-1.071931925705714,-0.4516080386717619,1.0,0.0,0.0,0.0,0.0,1.0,0.0,0.0,0.0,0.0,1.0,0.0,0
967,0.3696956284929046,0.19074304538282513,0.9298900094740753,-1.4794718651433014,-1.638604577886359,0.0,1.0,0.0,1.0,0.0,0.0,0.0,0.0,0.0,1.0,0.0,0.0,1
968,-0.6610542650746728,-1.3063719568082828,0.07040606017969779,0.00513791423648093,-0.05921248851817611,0.0,1.0,0.0,0.0,1.0,0.0,0.0,0.0,0.0,1.0,0.0,0.0,0
969,1.469162181631654,-0.6779284600489502,-0.18027675836449564,1.0530977585045624,-0.04940259976433646,0.0,1.0,0.0,0.0,1.0,0.0,0.0,0.0,0.0,1.0,0.0,0.0,0
970,-1.6918041586422503,-0.7097168816781256,1.1805728280182688,-1.1592619127280541,-0.31426959611800687,0.0,1.0,0.0,0.0,0.0,0.0,0.0,0.0,1.0,0.0,0.0,1.0,1
971,-0.7297709246458447,0.86495211455792,0.4643362036062875,-0.28596204250465285,1.373031269542412,1.0,0.0,0.0,0.0,0.0,0.0,0.0,1.0,0.0,1.0,0.0,0.0,0
972,-0.3174709672188137,0.7671237247314923,0.715019022150481,-1.130151917053941,1.0591148294195434,0.0,1.0,0.0,0.0,0.0,1.0,0.0,0.0,0.0,0.0,0.0,1.0,1
973,-0.11132098850529819,0.24326915692949547,-0.07284126470269846,-0.8681619559869204,-1.1775398064558955,0.0,1.0,0.0,0.0,0.0,0.0,1.0,0.0,0.0,1.0,0.0,0.0,0
974,-0.11132098850529819,-1.383834847449977,-0.7174542266734816,0.41267785367406823,0.3626127278969286,1.0,0.0,0.0,0.0,1.0,0.0,0.0,0.0,0.0,1.0,0.0,0.0,0
975,-1.2795042012152194,-0.34514050469860263,0.14202972262089592,-0.6935019819422401,-0.12788170979505362,1.0,0.0,0.0,0.0,0.0,0.0,1.0,0.0,0.0,1.0,0.0,0.0,0
976,-1.004637562930532,-0.014843171960697,1.6819384651066556,-0.7808319689645803,-1.3933573590403678,1.0,0.0,0.0,1.0,0.0,0.0,0.0,0.0,0.0,1.0,0.0,0.0,0
977,-1.4856541799287348,0.8360745577640744,0.4285243723856884,1.7517376546832837,-0.05921248851817611,0.0,1.0,0.0,0.0,1.0,0.0,0.0,0.0,0.0,0.0,0.0,1.0,0
978,0.23226230935056097,1.144557902756536,0.8224545158122781,-1.1010419213798275,0.17622484157397536,0.0,0.0,1.0,0.0,0.0,1.0,0.0,0.0,0.0,1.0,0.0,0.0,1
979,-0.5236209459323292,1.0227687623686093,-1.2546316949824676,-1.0428219300316006,-1.442406802809566,1.0,0.0,0.0,0.0,0.0,0.0,0.0,0.0,1.0,0.0,0.0,1.0,0
980,0.23226230935056097,-0.7886829784733315,1.789373958768453,1.5188576892903767,-0.0788322660258554,0.0,1.0,0.0,0.0,0.0,0.0,1.0,0.0,0.0,0.0,0.0,1.0,0
981,0.3009789689217328,-2.772828997282409,-0.8248897203352787,0.20890788395527457,0.8727269430965902,0.0,1.0,0.0,0.0,0.0,0.0,0.0,1.0,0.0,1.0,0.0,0.0,1
982,0.7132789263487638,-1.8003396087695267,1.7535621275478537,-1.537691856491528,-0.5791365924716773,0.0,1.0,0.0,0.0,0.0,0.0,1.0,0.0,0.0,1.0,0.0,0.0,1
983,0.16354564977938912,1.3879795301194955,-0.10865309592329753,-0.2277420511564261,-0.47122781617944115,1.0,0.0,0.0,1.0,0.0,0.0,0.0,0.0,0.0,1.0,0.0,0.0,0
984,0.5071289476352483,-0.4347484789080071,1.5386911402242593,0.26712787530350135,-1.3541178040250093,0.0,1.0,0.0,1.0,0.0,0.0,0.0,0.0,0.0,0.0,0.0,1.0,1
985,0.3009789689217328,-0.7841883587438186,1.4670674777830612,-0.8099419646386936,-1.0205815863944612,1.0,0.0,0.0,0.0,0.0,1.0,0.0,0.0,0.0,0.0,0.0,1.0,0
986,0.5071289476352483,1.6089941643530974,0.9657018406946744,0.20890788395527457,1.7654268196959977,0.0,1.0,0.0,0.0,0.0,0.0,0.0,1.0,0.0,0.0,0.0,1.0,0
987,0.43841228806407645,-0.014843171960697,1.5386911402242593,0.5582278320446351,0.4705215041891647,0.0,1.0,0.0,0.0,1.0,0.0,0.0,0.0,0.0,1.0,0.0,0.0,0
988,-0.6610542650746728,-0.009080603951290983,0.4643362036062875,-0.839051960312807,-1.1186804739328577,0.0,1.0,0.0,0.0,0.0,0.0,1.0,0.0,0.0,1.0,0.0,0.0,1
989,-0.9359209033593602,-0.3269059363360682,1.323820152900665,1.1113177498527893,-0.01997293350281753,1.0,0.0,0.0,0.0,0.0,0.0,0.0,1.0,0.0,0.0,0.0,1.0,0
990,0.988145564633451,-0.16561736004812555,-1.0755725388794721,-0.14041206413408597,-1.0598211414098198,0.0,1.0,0.0,0.0,0.0,0.0,0.0,1.0,0.0,1.0,0.0,0.0,0
991,-0.592337605503501,0.19361613563632188,-1.469502682306062,1.6352976719868302,-0.1671212648104122,0.0,1.0,0.0,1.0,0.0,0.0,0.0,0.0,0.0,0.0,0.0,1.0,1
992,0.16354564977938912,1.5663844360460195,0.21365338506209405,-1.3921418781209611,-1.226589250225094,1.0,0.0,0.0,1.0,0.0,0.0,0.0,0.0,0.0,1.0,0.0,0.0,0
993,-1.0733542225017039,0.3889040576077546,1.1805728280182688,-0.5770619992457866,0.4607116154353251,0.0,1.0,0.0,0.0,0.0,0.0,1.0,0.0,0.0,1.0,0.0,0.0,0
994,-0.24875430764764184,-0.014843171960697,1.0015136719152735,0.7911077974375421,0.2939435066200511,1.0,0.0,0.0,0.0,1.0,0.0,0.0,0.0,0.0,0.0,0.0,1.0,0
995,0.0948289902082173,1.1356436569526185,0.177841553841495,1.4024177065939232,0.5195709479583629,0.0,1.0,0.0,0.0,0.0,0.0,0.0,0.0,1.0,1.0,0.0,0.0,0
996,0.02611233063704547,-1.2031045827065288,0.14202972262089592,-0.9263819473351471,-0.1671212648104122,1.0,0.0,0.0,0.0,0.0,0.0,0.0,1.0,0.0,0.0,0.0,1.0,0
997,0.0948289902082173,0.7212703819638243,0.4643362036062875,1.6935176633350568,-0.7262849237792719,1.0,0.0,0.0,0.0,0.0,0.0,1.0,0.0,0.0,1.0,0.0,0.0,0
998,-0.5236209459323292,-0.32807139328731233,1.359631984121264,-1.0137119343574872,-0.8538134775791874,1.0,0.0,0.0,0.0,0.0,1.0,0.0,0.0,0.0,1.0,0.0,0.0,1
999,1.6753121603451695,-2.549409566508323,1.288008321680066,-0.25685204683053947,-0.05921248851817611,0.0,1.0,0.0,1.0,0.0,0.0,0.0,0.0,0.0,0.0,1.0,0.0,0
1000,0.02611233063704547,-2.161516828892679,-1.3262553574236657,-0.6061719949199,-0.21617070857961043,1.0,0.0,0.0,0.0,0.0,0.0,0.0,0.0,1.0,0.0,1.0,0.0,0
